# This file uses centimeters as units for non-parametric coordinates.

mtllib workbench.mtl
g default
v 1.253332 -0.031560 0.512212
v 1.237646 -0.020164 0.512212
v 1.218257 -0.020164 0.512212
v 1.202571 -0.031560 0.512212
v 1.196580 -0.050000 0.512212
v 1.202571 -0.068440 0.512212
v 1.218257 -0.079836 0.512212
v 1.237646 -0.079836 0.512212
v 1.253332 -0.068440 0.512212
v 1.259323 -0.050000 0.512212
v 1.257287 -0.028687 0.558548
v 1.239157 -0.015514 0.558548
v 1.216747 -0.015514 0.558548
v 1.198616 -0.028687 0.558548
v 1.191691 -0.050000 0.558548
v 1.198616 -0.071313 0.558548
v 1.216747 -0.084486 0.558548
v 1.239157 -0.084486 0.558548
v 1.257287 -0.071313 0.558548
v 1.264212 -0.050000 0.558548
v 1.227952 -0.050000 0.512212
v 1.249334 -0.034465 0.524708
v 1.254381 -0.050000 0.524708
v 1.249334 -0.065535 0.524708
v 1.236119 -0.075136 0.524708
v 1.219784 -0.075136 0.524708
v 1.206570 -0.065535 0.524708
v 1.201522 -0.050000 0.524708
v 1.206570 -0.034465 0.524708
v 1.219784 -0.024864 0.524708
v 1.236119 -0.024864 0.524708
v 1.249334 -0.034465 0.534467
v 1.254381 -0.050000 0.534467
v 1.249334 -0.065535 0.534467
v 1.236119 -0.075136 0.534467
v 1.219784 -0.075136 0.534467
v 1.206570 -0.065535 0.534467
v 1.201522 -0.050000 0.534467
v 1.206570 -0.034465 0.534467
v 1.219784 -0.024864 0.534467
v 1.236119 -0.024864 0.534467
v 1.253332 -0.031560 0.546964
v 1.259323 -0.050000 0.546964
v 1.253332 -0.068440 0.546964
v 1.237646 -0.079836 0.546964
v 1.218257 -0.079836 0.546964
v 1.202571 -0.068440 0.546964
v 1.196580 -0.050000 0.546964
v 1.202571 -0.031560 0.546964
v 1.218257 -0.020164 0.546964
v 1.237646 -0.020164 0.546964
v 1.253299 -0.031584 0.571424
v 1.237634 -0.020202 0.571424
v 1.227952 -0.050000 0.571424
v 1.218270 -0.020202 0.571424
v 1.202604 -0.031584 0.571424
v 1.196620 -0.050000 0.571424
v 1.202604 -0.068416 0.571424
v 1.218270 -0.079798 0.571424
v 1.237634 -0.079798 0.571424
v 1.253299 -0.068416 0.571424
v 1.259283 -0.050000 0.571424
v 1.169888 -0.460453 0.512212
v 1.959649 -0.460453 0.512212
v 1.169888 0.360453 0.512212
v 1.959649 0.360453 0.512212
v 1.169888 0.360453 0.487788
v 1.959649 0.360453 0.487788
v 1.169888 -0.460453 0.487788
v 1.959649 -0.460453 0.487788
vt 0.626409 0.064409
vt 0.548284 0.007647
vt 0.451716 0.007647
vt 0.373591 0.064409
vt 0.343750 0.156250
vt 0.373591 0.248091
vt 0.451716 0.304853
vt 0.548284 0.304853
vt 0.626409 0.248091
vt 0.656250 0.156250
vt 0.375000 0.312500
vt 0.400000 0.312500
vt 0.425000 0.312500
vt 0.450000 0.312500
vt 0.475000 0.312500
vt 0.500000 0.312500
vt 0.525000 0.312500
vt 0.550000 0.312500
vt 0.575000 0.312500
vt 0.600000 0.312500
vt 0.625000 0.312500
vt 0.375000 0.687500
vt 0.400000 0.687500
vt 0.425000 0.687500
vt 0.450000 0.687500
vt 0.475000 0.687500
vt 0.500000 0.687500
vt 0.525000 0.687500
vt 0.550000 0.687500
vt 0.575000 0.687500
vt 0.600000 0.687500
vt 0.625000 0.687500
vt 0.626409 0.751909
vt 0.548284 0.695147
vt 0.451716 0.695147
vt 0.373591 0.751909
vt 0.343750 0.843750
vt 0.373591 0.935591
vt 0.451716 0.992353
vt 0.548284 0.992353
vt 0.626409 0.935591
vt 0.656250 0.843750
vt 0.500000 0.156250
vt 0.500000 0.843750
vt 0.625000 0.406250
vt 0.375000 0.406250
vt 0.600000 0.406250
vt 0.575000 0.406250
vt 0.550000 0.406250
vt 0.525000 0.406250
vt 0.500000 0.406250
vt 0.475000 0.406250
vt 0.450000 0.406250
vt 0.425000 0.406250
vt 0.400000 0.406250
vt 0.625000 0.500000
vt 0.375000 0.500000
vt 0.600000 0.500000
vt 0.575000 0.500000
vt 0.550000 0.500000
vt 0.525000 0.500000
vt 0.500000 0.500000
vt 0.475000 0.500000
vt 0.450000 0.500000
vt 0.425000 0.500000
vt 0.400000 0.500000
vt 0.625000 0.593750
vt 0.375000 0.593750
vt 0.600000 0.593750
vt 0.575000 0.593750
vt 0.550000 0.593750
vt 0.525000 0.593750
vt 0.500000 0.593750
vt 0.475000 0.593750
vt 0.450000 0.593750
vt 0.425000 0.593750
vt 0.400000 0.593750
vt 0.626409 0.935591
vt 0.548284 0.992353
vt 0.451716 0.992353
vt 0.373591 0.935591
vt 0.343750 0.843750
vt 0.373591 0.751909
vt 0.451716 0.695147
vt 0.548284 0.695147
vt 0.626409 0.751909
vt 0.656250 0.843750
vt 0.375000 0.000000
vt 0.625000 0.000000
vt 0.625000 0.250000
vt 0.375000 0.250000
vt 0.625000 0.500000
vt 0.375000 0.500000
vt 0.625000 0.750000
vt 0.375000 0.750000
vt 0.625000 1.000000
vt 0.375000 1.000000
vt 0.875000 0.000000
vt 0.875000 0.250000
vt 0.125000 0.000000
vt 0.125000 0.250000
vn 0.550154 0.757218 0.352068
vn 0.550154 0.757218 0.352068
vn 0.573352 0.789149 0.220252
vn 0.573353 0.789149 0.220252
vn 0.000001 0.935975 0.352067
vn 0.000001 0.935975 0.352067
vn 0.000001 0.975443 0.220251
vn 0.000001 0.975443 0.220251
vn -0.550154 0.757219 0.352067
vn -0.550154 0.757219 0.352067
vn -0.573352 0.789149 0.220251
vn -0.573352 0.789149 0.220251
vn -0.890166 0.289232 0.352065
vn -0.890166 0.289232 0.352065
vn -0.927702 0.301429 0.220250
vn -0.927702 0.301429 0.220250
vn -0.890165 -0.289233 0.352066
vn -0.890165 -0.289233 0.352066
vn -0.927702 -0.301429 0.220251
vn -0.927701 -0.301429 0.220251
vn -0.550152 -0.757220 0.352067
vn -0.550152 -0.757220 0.352067
vn -0.573351 -0.789150 0.220252
vn -0.573351 -0.789150 0.220252
vn 0.000000 -0.935975 0.352066
vn 0.000000 -0.935975 0.352066
vn 0.000000 -0.975443 0.220251
vn 0.000000 -0.975443 0.220251
vn 0.550155 -0.757218 0.352067
vn 0.550155 -0.757218 0.352067
vn 0.573353 -0.789149 0.220252
vn 0.573353 -0.789149 0.220252
vn 0.890165 -0.289236 0.352065
vn 0.890165 -0.289236 0.352065
vn 0.927701 -0.301431 0.220250
vn 0.927701 -0.301431 0.220250
vn 0.890164 0.289236 0.352065
vn 0.890164 0.289236 0.352065
vn 0.927701 0.301432 0.220250
vn 0.927701 0.301432 0.220250
vn 0.000000 0.000000 -1.000000
vn 0.000000 0.000000 -1.000000
vn 0.000000 0.000000 -1.000000
vn 0.000000 0.000000 -1.000000
vn 0.000000 0.000000 -1.000000
vn 0.000000 0.000000 -1.000000
vn 0.000000 0.000000 -1.000000
vn 0.000000 0.000000 -1.000000
vn 0.000000 0.000000 -1.000000
vn 0.000000 0.000000 -1.000000
vn 0.000000 0.000000 -1.000000
vn 0.000000 0.000000 1.000000
vn 0.000000 0.000000 1.000000
vn 0.000000 0.000000 1.000000
vn 0.000000 0.000000 1.000000
vn 0.000000 0.000000 1.000000
vn 0.000000 0.000000 1.000000
vn 0.000000 0.000000 1.000000
vn 0.000000 0.000000 1.000000
vn 0.000000 0.000000 1.000000
vn 0.000000 0.000000 1.000000
vn 0.000000 0.000000 1.000000
vn 0.927701 0.301432 -0.220250
vn 0.927701 0.301432 -0.220250
vn 0.927701 -0.301432 -0.220250
vn 0.927701 -0.301432 -0.220250
vn 0.573352 -0.789149 -0.220252
vn 0.573352 -0.789150 -0.220252
vn 0.000000 -0.975443 -0.220251
vn 0.000000 -0.975443 -0.220251
vn -0.573350 -0.789151 -0.220252
vn -0.573350 -0.789151 -0.220252
vn -0.927702 -0.301429 -0.220250
vn -0.927702 -0.301429 -0.220250
vn -0.927701 0.301430 -0.220251
vn -0.927701 0.301430 -0.220251
vn -0.573352 0.789150 -0.220252
vn -0.573352 0.789150 -0.220252
vn 0.000001 0.975443 -0.220251
vn 0.000001 0.975443 -0.220251
vn 0.573352 0.789149 -0.220252
vn 0.573352 0.789149 -0.220252
vn 0.885995 0.287877 -0.363511
vn 0.885995 0.287877 -0.363511
vn 0.885994 -0.287877 -0.363511
vn 0.885994 -0.287877 -0.363511
vn 0.547574 -0.753673 -0.363510
vn 0.547574 -0.753673 -0.363510
vn 0.000000 -0.931589 -0.363513
vn 0.000000 -0.931589 -0.363513
vn -0.547572 -0.753674 -0.363510
vn -0.547572 -0.753674 -0.363510
vn -0.885995 -0.287876 -0.363511
vn -0.885995 -0.287876 -0.363511
vn -0.885995 0.287876 -0.363512
vn -0.885995 0.287876 -0.363512
vn -0.547573 0.753674 -0.363510
vn -0.547573 0.753674 -0.363510
vn -0.000000 0.931589 -0.363513
vn -0.000000 0.931589 -0.363513
vn 0.547574 0.753673 -0.363510
vn 0.547574 0.753673 -0.363510
vn 0.882617 0.286777 -0.372486
vn 0.882617 0.286777 -0.372486
vn 0.882617 -0.286777 -0.372487
vn 0.882617 -0.286777 -0.372487
vn 0.545485 -0.750801 -0.372483
vn 0.545485 -0.750801 -0.372483
vn 0.000000 -0.928037 -0.372488
vn 0.000000 -0.928037 -0.372488
vn -0.545484 -0.750802 -0.372482
vn -0.545484 -0.750802 -0.372482
vn -0.882617 -0.286777 -0.372486
vn -0.882617 -0.286777 -0.372486
vn -0.882617 0.286777 -0.372486
vn -0.882617 0.286777 -0.372486
vn -0.545484 0.750802 -0.372483
vn -0.545484 0.750802 -0.372483
vn -0.000001 0.928037 -0.372488
vn -0.000001 0.928037 -0.372488
vn 0.545486 0.750801 -0.372482
vn 0.545486 0.750801 -0.372482
vn 0.552319 0.760205 0.342100
vn 0.552319 0.760205 0.342100
vn 0.552319 0.760205 0.342100
vn 0.552319 0.760205 0.342100
vn 0.000000 0.939664 0.342099
vn 0.000000 0.939664 0.342099
vn 0.000000 0.939664 0.342099
vn 0.000000 0.939664 0.342099
vn -0.552321 0.760204 0.342100
vn -0.552321 0.760204 0.342100
vn -0.552321 0.760204 0.342100
vn -0.552321 0.760204 0.342100
vn -0.893672 0.290373 0.342102
vn -0.893672 0.290373 0.342102
vn -0.893672 0.290373 0.342102
vn -0.893672 0.290373 0.342102
vn -0.893672 -0.290373 0.342102
vn -0.893672 -0.290373 0.342102
vn -0.893672 -0.290373 0.342102
vn -0.893672 -0.290373 0.342102
vn -0.552321 -0.760204 0.342100
vn -0.552321 -0.760204 0.342100
vn -0.552321 -0.760204 0.342100
vn -0.552321 -0.760204 0.342100
vn 0.000000 -0.939664 0.342099
vn 0.000000 -0.939664 0.342099
vn 0.000000 -0.939664 0.342099
vn 0.000000 -0.939664 0.342099
vn 0.552320 -0.760204 0.342100
vn 0.552320 -0.760204 0.342100
vn 0.552320 -0.760204 0.342100
vn 0.552320 -0.760204 0.342100
vn 0.893674 -0.290367 0.342103
vn 0.893674 -0.290367 0.342103
vn 0.893674 -0.290367 0.342103
vn 0.893674 -0.290367 0.342103
vn 0.893674 0.290366 0.342102
vn 0.893674 0.290366 0.342102
vn 0.893674 0.290366 0.342102
vn 0.893674 0.290366 0.342102
vn 0.000000 0.000000 1.000000
vn 0.000000 0.000000 1.000000
vn 0.000000 0.000000 1.000000
vn 0.000000 0.000000 1.000000
vn 0.000000 1.000000 0.000000
vn 0.000000 1.000000 0.000000
vn 0.000000 1.000000 0.000000
vn 0.000000 1.000000 0.000000
vn 0.000000 0.000000 -1.000000
vn 0.000000 0.000000 -1.000000
vn 0.000000 0.000000 -1.000000
vn 0.000000 0.000000 -1.000000
vn 0.000000 -1.000000 0.000000
vn 0.000000 -1.000000 0.000000
vn 0.000000 -1.000000 0.000000
vn 0.000000 -1.000000 0.000000
vn 1.000000 0.000000 0.000000
vn 1.000000 0.000000 0.000000
vn 1.000000 0.000000 0.000000
vn 1.000000 0.000000 0.000000
vn -1.000000 0.000000 0.000000
vn -1.000000 0.000000 0.000000
vn -1.000000 0.000000 0.000000
vn -1.000000 0.000000 0.000000
s 1
g pCylinder4
usemtl aiStandardSurface1SG
f 1/11/1 2/12/2 31/55/3 22/46/4
s 2
f 2/12/5 3/13/6 30/54/7 31/55/8
s 3
f 3/13/9 4/14/10 29/53/11 30/54/12
s 4
f 4/14/13 5/15/14 28/52/15 29/53/16
s 5
f 5/15/17 6/16/18 27/51/19 28/52/20
s 6
f 6/16/21 7/17/22 26/50/23 27/51/24
s 7
f 7/17/25 8/18/26 25/49/27 26/50/28
s 8
f 8/18/29 9/19/30 24/48/31 25/49/32
s 9
f 9/19/33 10/20/34 23/47/35 24/48/36
s 10
f 10/20/37 1/21/38 22/45/39 23/47/40
s 11
f 2/2/41 1/1/42 21/43/43
f 3/3/44 2/2/41 21/43/43
f 4/4/45 3/3/44 21/43/43
f 5/5/46 4/4/45 21/43/43
f 6/6/47 5/5/46 21/43/43
f 7/7/48 6/6/47 21/43/43
f 8/8/49 7/7/48 21/43/43
f 9/9/50 8/8/49 21/43/43
f 10/10/51 9/9/50 21/43/43
f 1/1/42 10/10/51 21/43/43
s 12
f 52/78/52 53/79/53 54/44/54
f 53/79/53 55/80/55 54/44/54
f 55/80/55 56/81/56 54/44/54
f 56/81/56 57/82/57 54/44/54
f 57/82/57 58/83/58 54/44/54
f 58/83/58 59/84/59 54/44/54
f 59/84/59 60/85/60 54/44/54
f 60/85/60 61/86/61 54/44/54
f 61/86/61 62/87/62 54/44/54
f 62/87/62 52/78/52 54/44/54
s 10
f 23/47/40 22/45/39 32/56/63 33/58/64
s 9
f 24/48/36 23/47/35 33/58/65 34/59/66
s 8
f 25/49/32 24/48/31 34/59/67 35/60/68
s 7
f 26/50/28 25/49/27 35/60/69 36/61/70
s 6
f 27/51/24 26/50/23 36/61/71 37/62/72
s 5
f 28/52/20 27/51/19 37/62/73 38/63/74
s 4
f 29/53/16 28/52/15 38/63/75 39/64/76
s 3
f 30/54/12 29/53/11 39/64/77 40/65/78
s 2
f 31/55/8 30/54/7 40/65/79 41/66/80
s 1
f 22/46/4 31/55/3 41/66/81 32/57/82
s 10
f 33/58/64 32/56/63 42/67/83 43/69/84
s 9
f 34/59/66 33/58/65 43/69/85 44/70/86
s 8
f 35/60/68 34/59/67 44/70/87 45/71/88
s 7
f 36/61/70 35/60/69 45/71/89 46/72/90
s 6
f 37/62/72 36/61/71 46/72/91 47/73/92
s 5
f 38/63/74 37/62/73 47/73/93 48/74/94
s 4
f 39/64/76 38/63/75 48/74/95 49/75/96
s 3
f 40/65/78 39/64/77 49/75/97 50/76/98
s 2
f 41/66/80 40/65/79 50/76/99 51/77/100
s 1
f 32/57/82 41/66/81 51/77/101 42/68/102
s 10
f 43/69/84 42/67/83 11/32/103 20/31/104
s 9
f 44/70/86 43/69/85 20/31/105 19/30/106
s 8
f 45/71/88 44/70/87 19/30/107 18/29/108
s 7
f 46/72/90 45/71/89 18/29/109 17/28/110
s 6
f 47/73/92 46/72/91 17/28/111 16/27/112
s 5
f 48/74/94 47/73/93 16/27/113 15/26/114
s 4
f 49/75/96 48/74/95 15/26/115 14/25/116
s 3
f 50/76/98 49/75/97 14/25/117 13/24/118
s 2
f 51/77/100 50/76/99 13/24/119 12/23/120
s 1
f 42/68/102 51/77/101 12/23/121 11/22/122
s off
f 11/41/123 12/40/124 53/79/125 52/78/126
f 12/40/127 13/39/128 55/80/129 53/79/130
f 13/39/131 14/38/132 56/81/133 55/80/134
f 14/38/135 15/37/136 57/82/137 56/81/138
f 15/37/139 16/36/140 58/83/141 57/82/142
f 16/36/143 17/35/144 59/84/145 58/83/146
f 17/35/147 18/34/148 60/85/149 59/84/150
f 18/34/151 19/33/152 61/86/153 60/85/154
f 19/33/155 20/42/156 62/87/157 61/86/158
f 20/42/159 11/41/160 52/78/161 62/87/162
f 63/88/163 64/89/164 66/90/165 65/91/166
f 65/91/167 66/90/168 68/92/169 67/93/170
f 67/93/171 68/92/172 70/94/173 69/95/174
f 69/95/175 70/94/176 64/96/177 63/97/178
f 64/89/179 70/98/180 68/99/181 66/90/182
f 69/100/183 63/88/184 65/91/185 67/101/186
g default
v -0.084729 0.186335 0.641004
v 1.114151 0.120343 0.654460
v -0.084939 0.047764 -0.580659
v 1.125560 0.020444 -0.573778
v -0.682754 0.131651 0.644447
v -0.687302 0.525784 0.116335
v 0.519430 0.172490 0.640512
v 0.518127 0.526000 0.113410
v -0.087712 0.520479 -0.528117
v -0.684651 -0.031597 -0.577725
v 1.112992 0.506412 -0.533988
v 0.520552 0.051326 -0.580166
v -0.986618 0.130834 0.656637
v -0.989489 0.541738 0.577875
v 0.216520 0.163938 0.635200
v 0.216942 0.544148 0.571034
v -0.988937 0.525897 0.118946
v -0.688518 0.525862 -0.275685
v -0.986964 0.519317 -0.531665
v -0.086350 0.525888 -0.275263
v 0.216365 0.522702 0.115424
v 0.515277 0.525848 -0.276623
v 0.212073 0.517696 -0.535791
v -0.381862 0.088136 0.643410
v -0.386901 0.544308 0.576204
v -0.387236 0.525888 0.116061
v -0.686426 0.526401 0.442995
v 0.813879 0.113071 0.657784
v 0.821265 0.542985 0.567430
v 0.820166 0.526023 0.114765
v 0.519414 0.526636 0.440742
v -0.387974 0.520026 -0.530598
v -0.085359 0.225215 -0.553980
v -0.383119 -0.029440 -0.577764
v -0.986971 0.035675 -0.578244
v 1.116289 0.511261 -0.283301
v 0.813476 0.518700 -0.531719
v 1.115849 0.197868 -0.536109
v 0.821593 0.060217 -0.579162
v 0.216898 0.013104 -0.577416
v -1.141185 0.528359 0.585918
v -1.136366 0.281207 0.622968
v -0.987846 0.501654 0.616662
v 0.066265 0.536333 0.564167
v 0.065897 0.367804 0.610305
v 0.217734 0.506273 0.616188
v -1.135505 0.500983 -0.539079
v -1.142356 0.515203 -0.279269
v 0.063090 0.513508 -0.529291
v -0.087021 0.531993 -0.472796
v 0.063175 0.525071 -0.276070
v -0.685359 0.312180 0.616444
v -0.382834 0.299438 0.610694
v -0.534402 0.304060 0.610572
v -0.235348 0.536988 0.574958
v -0.235847 0.523357 0.441938
v -0.839599 0.525784 0.118308
v -0.839026 0.525907 0.443496
v 0.519639 0.343551 0.609107
v 0.665941 0.091203 0.638286
v 0.816512 0.290245 0.623650
v 0.666290 0.267966 0.618262
v 0.972245 0.535682 0.567038
v 0.972934 0.525814 0.440161
v 0.366748 0.525784 0.114792
v 0.368568 0.525935 0.438359
v -0.537776 0.525784 0.116448
v -0.538025 0.525880 -0.278992
v -0.237700 0.512652 -0.531237
v -0.087230 0.398565 -0.534783
v -0.234479 0.187960 -0.557116
v -0.387660 0.394112 -0.533295
v -0.835523 0.037319 -0.578343
v -0.836761 0.216133 -0.558111
v 0.667820 0.525784 0.114008
v 0.665640 0.514333 -0.280328
v 0.962938 0.511405 -0.531287
v 1.115020 0.381170 -0.529216
v 0.967866 0.240045 -0.538719
v 0.813355 0.400437 -0.529845
v 0.367976 0.048814 -0.578779
v 0.365124 0.226761 -0.553628
v -1.138009 0.104484 0.655179
v -0.987898 0.317457 0.620170
v -0.834545 0.139862 0.650946
v -0.836887 0.323784 0.620346
v -0.838413 0.536882 0.570147
v -0.085672 0.356688 0.610151
v 0.067243 0.206437 0.637744
v 0.217114 0.348880 0.611635
v 0.368250 0.177502 0.632960
v 0.368097 0.348120 0.608061
v 0.369074 0.536430 0.567070
v -1.141109 0.514996 0.119552
v -0.840835 0.525905 -0.277090
v -0.688750 0.534183 -0.474449
v -0.837047 0.514961 -0.527229
v 0.064791 0.525806 0.117210
v 0.363892 0.525807 -0.277078
v 0.512491 0.531738 -0.471639
v 0.363742 0.516460 -0.526371
v -0.233337 0.103941 0.632156
v -0.233213 0.296197 0.613387
v -0.385604 0.503673 0.616605
v -0.237055 0.523453 0.115062
v -0.535956 0.525872 0.442185
v -1.142499 0.520095 0.447678
v 0.963788 0.148128 0.655760
v 1.117060 0.297086 0.622356
v 0.967291 0.318237 0.622636
v 0.820925 0.509099 0.613541
v 0.670403 0.535363 0.573834
v 0.970068 0.525784 0.112538
v 0.669804 0.525181 0.439536
v 0.066428 0.525939 0.438051
v -0.237554 0.514893 -0.276505
v -0.234051 0.005317 -0.576057
v -0.534130 -0.048193 -0.575418
v -1.136770 -0.014993 -0.573573
v -1.134250 0.168355 -0.555304
v -0.986638 0.394977 -0.534111
v 0.965141 0.525697 -0.282137
v 1.113827 0.535936 -0.484291
v 0.663202 0.510415 -0.533501
v 0.972763 0.063418 -0.574028
v 0.673315 0.020291 -0.577979
v 0.668469 0.200228 -0.550713
v 0.065980 0.046726 -0.578823
v 0.065528 0.226398 -0.553163
v 0.213642 0.379159 -0.535357
v 0.591516 0.129111 0.632971
v 0.741763 0.090349 0.645545
v 0.741690 0.274027 0.624007
v 1.048125 0.538039 0.573730
v 1.125212 0.516300 0.439861
v -0.162162 0.516930 -0.530651
v -0.237150 0.377872 -0.535337
v -0.310354 0.178878 -0.556278
v -0.686543 0.159214 -0.558933
v -0.911233 0.044443 -0.578296
v -0.912403 0.223457 -0.557672
v 0.740597 0.520886 -0.281801
v 1.037879 0.513096 -0.534697
v 0.963957 0.397497 -0.526227
v 0.891776 0.245685 -0.540396
v 0.518114 0.230045 -0.552940
v 0.292002 0.028208 -0.577932
v 0.290846 0.207195 -0.554520
v -1.062327 0.116612 0.656740
v -0.687610 0.542435 0.575485
v -0.008697 0.208648 0.639611
v 0.143139 0.185999 0.636123
v 0.518950 0.543744 0.570940
v -0.915605 0.525836 -0.281068
v -0.838110 0.545417 -0.473899
v -0.912190 0.535822 -0.469722
v 0.288305 0.523418 -0.278931
v 0.363512 0.541814 -0.472568
v 0.288057 0.537796 -0.470381
v -0.159726 0.147104 0.635419
v -0.612334 0.539576 0.574225
v -0.161331 0.525782 0.112581
v -1.066360 0.525837 0.445594
v 1.039789 0.148511 0.653817
v 1.125850 0.533525 0.580252
v 0.594707 0.540760 0.575584
v 0.669662 0.497157 0.624249
v 1.046375 0.525784 0.108058
v 0.745840 0.526128 0.437379
v 0.142156 0.525894 0.435719
v -0.312588 0.525788 -0.278247
v -0.238074 0.543616 -0.477223
v -0.312948 0.537480 -0.472146
v -0.388436 0.525835 -0.278325
v -0.613267 0.515723 -0.530640
v -0.613898 0.539026 -0.472305
v -0.159685 0.026442 -0.578093
v -0.308697 -0.011916 -0.576212
v -0.609615 -0.053381 -0.577167
v -0.688141 0.517483 -0.533978
v -1.134738 0.363276 -0.535808
v -0.837025 0.396276 -0.534717
v 0.890007 0.525784 -0.282172
v 0.963359 0.544862 -0.480319
v 0.888718 0.537126 -0.473703
v 0.815166 0.525815 -0.281086
v 0.587924 0.515920 -0.530421
v 0.587957 0.538260 -0.472372
v 1.048185 0.045590 -0.574291
v 0.896917 0.069410 -0.576067
v 0.597544 0.032691 -0.577835
v 0.512752 0.520892 -0.527738
v -0.009447 0.054545 -0.579937
v 0.364743 0.397910 -0.531498
v -1.064958 0.536166 0.582963
v -1.063137 0.493453 0.628041
v 0.142044 0.540303 0.566171
v 0.141631 0.508249 0.618466
v -0.987891 0.534287 -0.472853
v -1.061133 0.508664 -0.536865
v -1.137518 0.546175 -0.487683
v 0.211578 0.534521 -0.472128
v 0.138502 0.512847 -0.534033
v 0.062396 0.545681 -0.476711
v -0.610041 0.305068 0.613587
v -0.385755 0.527220 0.441888
v -0.310516 0.540792 0.578433
v 0.594438 0.307393 0.614278
v 0.822414 0.526213 0.439732
v 0.896880 0.540589 0.565629
v -0.614372 0.525784 -0.280255
v -0.313826 0.516592 -0.529956
v -0.312318 0.380263 -0.534245
v 0.590138 0.522096 -0.281156
v 0.887165 0.517107 -0.528211
v 0.888967 0.397741 -0.527848
v -0.910730 0.138941 0.654232
v -0.912559 0.324401 0.620632
v -0.686564 0.501527 0.619618
v -0.838513 0.508775 0.619941
v -0.009988 0.367272 0.608476
v 0.292435 0.166740 0.635256
v 0.292376 0.343576 0.610212
v 0.519281 0.507189 0.615589
v 0.367992 0.511488 0.618142
v -0.012031 0.525853 -0.279693
v -0.306529 0.082048 0.637874
v -0.308342 0.281768 0.613472
v -0.159772 0.333941 0.613661
v -0.084619 0.509493 0.613404
v -0.159569 0.507434 0.618978
v -0.235637 0.503525 0.625258
v -0.535905 0.536821 0.570426
v -0.536884 0.508314 0.619985
v -0.160239 0.526090 0.438647
v -0.084741 0.525893 0.114299
v -1.065281 0.525899 0.120041
v -0.989755 0.526249 0.446335
v -0.913615 0.539025 0.571737
v 0.888858 0.128790 0.657641
v 0.891912 0.304567 0.622317
v 1.043004 0.316567 0.622564
v 1.122641 0.484713 0.619460
v 1.046657 0.502860 0.622499
v 0.971077 0.511656 0.618254
v 0.746070 0.540848 0.572307
v 0.745768 0.503247 0.623293
v 1.049535 0.526037 0.439075
v 1.121978 0.512994 0.108274
v 0.744396 0.525784 0.116273
v 0.141400 0.525779 0.117091
v 0.218401 0.518991 0.437021
v 0.293186 0.539764 0.569718
v -0.161647 0.519474 -0.273832
v -0.389474 0.532353 -0.471352
v -0.538011 0.514693 -0.528960
v -0.537601 0.542743 -0.475225
v -0.385952 0.177670 -0.555359
v -0.537035 0.166276 -0.557457
v -0.610940 0.146889 -0.560056
v -0.688065 0.375675 -0.534515
v -0.612330 0.387220 -0.534617
v -0.536998 0.394151 -0.533210
v -0.988456 0.216880 -0.557431
v -1.061330 0.013645 -0.575647
v -0.912666 0.519235 -0.525913
v -0.912248 0.399255 -0.544199
v 1.040771 0.520527 -0.281214
v 0.812955 0.533558 -0.473276
v 0.739119 0.513205 -0.533830
v 0.664322 0.545090 -0.478997
v 0.816007 0.239433 -0.543318
v 0.748182 0.036537 -0.578145
v 0.592815 0.211873 -0.552635
v 0.513712 0.398641 -0.534648
v 0.589771 0.389674 -0.532712
v 0.665060 0.381890 -0.533389
v 0.215106 0.194589 -0.554647
v 0.141392 0.026382 -0.578794
v -0.009964 0.233021 -0.552450
v -0.011855 0.399121 -0.533029
v 0.064311 0.394697 -0.532290
v 0.287180 0.517548 -0.527753
v 0.289026 0.386509 -0.533941
v -1.062034 0.299712 0.621804
v -1.137638 0.478337 0.622328
v -0.008829 0.541348 0.566331
v -0.084086 0.542408 0.567488
v 0.066854 0.512903 0.616802
v 0.141531 0.355637 0.611025
v -1.066504 0.525797 -0.277429
v -0.990119 0.525784 -0.276199
v -0.012749 0.516891 -0.528418
v -0.012293 0.538839 -0.471435
v 0.139149 0.516756 -0.274429
v 0.214241 0.514490 -0.274886
v -0.607876 0.118241 0.638835
v -0.533457 0.101558 0.636453
v -0.160514 0.539750 0.571913
v -0.084507 0.525964 0.438914
v -1.062535 0.540567 -0.481328
v 0.138069 0.542563 -0.476351
v -0.311079 0.522348 0.441865
v 0.897061 0.525949 0.438705
v -0.914387 0.526107 0.443656
v 0.292966 0.521948 0.436790
v -1.061962 0.195294 -0.557217
v 0.739154 0.539674 -0.477768
v 0.743574 0.214907 -0.547139
v 0.139424 0.206231 -0.554474
v -0.008494 0.511338 0.613589
v -0.913661 0.525816 0.118740
v 0.291993 0.525981 0.115297
v -0.162539 0.388334 -0.535153
v 1.039144 0.391719 -0.529927
v -0.913376 0.507090 0.617680
v 0.292264 0.508529 0.618268
v -0.310090 0.501184 0.622132
v -0.612433 0.504487 0.620142
v -0.311537 0.525784 0.116688
v -0.613160 0.525839 0.116552
v -0.611607 0.525950 0.440957
v 0.896243 0.511827 0.613783
v 0.594404 0.504881 0.620448
v 0.895003 0.525791 0.114889
v 0.592906 0.525784 0.113488
v 0.594371 0.522587 0.440162
v -0.010440 0.525792 0.114433
v -0.008300 0.526289 0.438617
v -0.163481 0.537727 -0.474803
v -0.159653 0.205433 -0.556180
v -1.061403 0.382925 -0.537287
v 1.038320 0.537243 -0.480239
v 1.043139 0.221975 -0.537152
v 0.739765 0.388752 -0.529377
v 0.138612 0.383126 -0.533412
vt 0.500000 0.000000
vt 1.000000 0.000000
vt 0.500000 1.000000
vt 1.000000 1.000000
vt 0.250000 0.000000
vt 0.250000 0.437500
vt 0.750000 0.000000
vt 0.750000 0.437500
vt 0.500000 0.750000
vt 0.250000 1.000000
vt 1.000000 0.750000
vt 0.750000 1.000000
vt 0.125000 0.000000
vt 0.125000 0.218750
vt 0.625000 0.000000
vt 0.625000 0.218750
vt 0.125000 0.437500
vt 0.250000 0.625000
vt 0.125000 0.750000
vt 0.500000 0.625000
vt 0.625000 0.437500
vt 0.750000 0.625000
vt 0.625000 0.750000
vt 0.375000 0.000000
vt 0.375000 0.218750
vt 0.375000 0.437500
vt 0.250000 0.281250
vt 0.875000 0.000000
vt 0.875000 0.218750
vt 0.875000 0.437500
vt 0.750000 0.281250
vt 0.375000 0.750000
vt 0.500000 0.906250
vt 0.375000 1.000000
vt 0.125000 1.000000
vt 1.000000 0.625000
vt 0.875000 0.750000
vt 1.000000 0.906250
vt 0.875000 1.000000
vt 0.625000 1.000000
vt 0.062500 0.218750
vt 0.062500 0.093750
vt 0.125000 0.187500
vt 0.562500 0.218750
vt 0.562500 0.093750
vt 0.625000 0.187500
vt 0.062500 0.750000
vt 0.062500 0.625000
vt 0.562500 0.750000
vt 0.500000 0.718750
vt 0.562500 0.625000
vt 0.250000 0.093750
vt 0.375000 0.093750
vt 0.312500 0.093750
vt 0.437500 0.218750
vt 0.437500 0.281250
vt 0.187500 0.437500
vt 0.187500 0.281250
vt 0.750000 0.093750
vt 0.812500 0.000000
vt 0.875000 0.093750
vt 0.812500 0.093750
vt 0.937500 0.218750
vt 0.937500 0.281250
vt 0.687500 0.437500
vt 0.687500 0.281250
vt 0.312500 0.437500
vt 0.312500 0.625000
vt 0.437500 0.750000
vt 0.500000 0.812500
vt 0.437500 0.906250
vt 0.375000 0.812500
vt 0.187500 1.000000
vt 0.187500 0.906250
vt 0.812500 0.437500
vt 0.812500 0.625000
vt 0.937500 0.750000
vt 1.000000 0.812500
vt 0.937500 0.906250
vt 0.875000 0.812500
vt 0.687500 1.000000
vt 0.687500 0.906250
vt 0.062500 0.000000
vt 0.125000 0.093750
vt 0.187500 0.000000
vt 0.187500 0.093750
vt 0.187500 0.218750
vt 0.500000 0.093750
vt 0.562500 0.000000
vt 0.625000 0.093750
vt 0.687500 0.000000
vt 0.687500 0.093750
vt 0.687500 0.218750
vt 0.062500 0.437500
vt 0.187500 0.625000
vt 0.250000 0.718750
vt 0.187500 0.750000
vt 0.562500 0.437500
vt 0.687500 0.625000
vt 0.750000 0.718750
vt 0.687500 0.750000
vt 0.437500 0.000000
vt 0.437500 0.093750
vt 0.375000 0.187500
vt 0.437500 0.437500
vt 0.312500 0.281250
vt 0.062500 0.281250
vt 0.937500 0.000000
vt 1.000000 0.093750
vt 0.937500 0.093750
vt 0.875000 0.187500
vt 0.812500 0.218750
vt 0.937500 0.437500
vt 0.812500 0.281250
vt 0.562500 0.281250
vt 0.437500 0.625000
vt 0.437500 1.000000
vt 0.312500 1.000000
vt 0.062500 1.000000
vt 0.062500 0.906250
vt 0.125000 0.812500
vt 0.937500 0.625000
vt 1.000000 0.718750
vt 0.812500 0.750000
vt 0.937500 1.000000
vt 0.812500 1.000000
vt 0.812500 0.906250
vt 0.562500 1.000000
vt 0.562500 0.906250
vt 0.625000 0.812500
vt 0.093750 0.718750
vt 0.593750 0.718750
vt 0.406250 0.281250
vt 0.906250 0.281250
vt 0.156250 0.281250
vt 0.656250 0.281250
vt 0.093750 0.906250
vt 0.843750 0.718750
vt 0.843750 0.906250
vt 0.593750 0.906250
vt 0.531250 0.187500
vt 0.156250 0.437500
vt 0.656250 0.437500
vt 0.468750 0.812500
vt 0.968750 0.812500
vt 0.156250 0.187500
vt 0.656250 0.187500
vt 0.406250 0.187500
vt 0.281250 0.187500
vt 0.406250 0.437500
vt 0.281250 0.437500
vt 0.281250 0.281250
vt 0.906250 0.187500
vt 0.781250 0.187500
vt 0.906250 0.437500
vt 0.781250 0.437500
vt 0.781250 0.281250
vt 0.531250 0.437500
vt 0.531250 0.281250
vt 0.468750 0.718750
vt 0.468750 0.906250
vt 0.093750 0.812500
vt 0.968750 0.718750
vt 0.968750 0.906250
vt 0.843750 0.812500
vt 0.593750 0.812500
vt 0.093750 0.218750
vt 0.093750 0.187500
vt 0.593750 0.218750
vt 0.593750 0.187500
vt 0.125000 0.718750
vt 0.093750 0.750000
vt 0.062500 0.718750
vt 0.625000 0.718750
vt 0.593750 0.750000
vt 0.562500 0.718750
vt 0.281250 0.093750
vt 0.375000 0.281250
vt 0.406250 0.218750
vt 0.781250 0.093750
vt 0.875000 0.281250
vt 0.906250 0.218750
vt 0.281250 0.625000
vt 0.406250 0.750000
vt 0.406250 0.812500
vt 0.781250 0.625000
vt 0.906250 0.750000
vt 0.906250 0.812500
vt 0.156250 0.000000
vt 0.156250 0.093750
vt 0.250000 0.187500
vt 0.187500 0.187500
vt 0.531250 0.093750
vt 0.656250 0.000000
vt 0.656250 0.093750
vt 0.750000 0.187500
vt 0.687500 0.187500
vt 0.531250 0.625000
vt 0.406250 0.000000
vt 0.406250 0.093750
vt 0.468750 0.093750
vt 0.500000 0.187500
vt 0.468750 0.187500
vt 0.437500 0.187500
vt 0.312500 0.218750
vt 0.312500 0.187500
vt 0.468750 0.281250
vt 0.500000 0.437500
vt 0.093750 0.437500
vt 0.125000 0.281250
vt 0.156250 0.218750
vt 0.906250 0.000000
vt 0.906250 0.093750
vt 0.968750 0.093750
vt 1.000000 0.187500
vt 0.968750 0.187500
vt 0.937500 0.187500
vt 0.843750 0.218750
vt 0.843750 0.187500
vt 0.968750 0.281250
vt 1.000000 0.437500
vt 0.843750 0.437500
vt 0.593750 0.437500
vt 0.625000 0.281250
vt 0.656250 0.218750
vt 0.468750 0.625000
vt 0.375000 0.718750
vt 0.312500 0.750000
vt 0.312500 0.718750
vt 0.375000 0.906250
vt 0.312500 0.906250
vt 0.281250 0.906250
vt 0.250000 0.812500
vt 0.281250 0.812500
vt 0.312500 0.812500
vt 0.125000 0.906250
vt 0.093750 1.000000
vt 0.156250 0.750000
vt 0.156250 0.812500
vt 0.968750 0.625000
vt 0.875000 0.718750
vt 0.843750 0.750000
vt 0.812500 0.718750
vt 0.875000 0.906250
vt 0.843750 1.000000
vt 0.781250 0.906250
vt 0.750000 0.812500
vt 0.781250 0.812500
vt 0.812500 0.812500
vt 0.625000 0.906250
vt 0.593750 1.000000
vt 0.531250 0.906250
vt 0.531250 0.812500
vt 0.562500 0.812500
vt 0.656250 0.750000
vt 0.656250 0.812500
vt 0.093750 0.093750
vt 0.062500 0.187500
vt 0.531250 0.218750
vt 0.500000 0.218750
vt 0.562500 0.187500
vt 0.593750 0.093750
vt 0.093750 0.625000
vt 0.125000 0.625000
vt 0.531250 0.750000
vt 0.531250 0.718750
vt 0.593750 0.625000
vt 0.625000 0.625000
vt 0.281250 0.000000
vt 0.312500 0.000000
vt 0.468750 0.218750
vt 0.500000 0.281250
vt 0.781250 0.000000
vt 0.843750 0.000000
vt 0.843750 0.093750
vt 0.968750 0.218750
vt 1.000000 0.281250
vt 0.468750 0.750000
vt 0.437500 0.812500
vt 0.406250 0.906250
vt 0.250000 0.906250
vt 0.156250 1.000000
vt 0.156250 0.906250
vt 0.843750 0.625000
vt 0.968750 0.750000
vt 0.937500 0.812500
vt 0.906250 0.906250
vt 0.750000 0.906250
vt 0.656250 1.000000
vt 0.656250 0.906250
vt 0.093750 0.000000
vt 0.250000 0.218750
vt 0.531250 0.000000
vt 0.593750 0.000000
vt 0.750000 0.218750
vt 0.156250 0.625000
vt 0.187500 0.718750
vt 0.156250 0.718750
vt 0.656250 0.625000
vt 0.687500 0.718750
vt 0.656250 0.718750
vt 0.468750 0.000000
vt 0.281250 0.218750
vt 0.468750 0.437500
vt 0.093750 0.281250
vt 0.968750 0.000000
vt 1.000000 0.218750
vt 0.781250 0.218750
vt 0.812500 0.187500
vt 0.968750 0.437500
vt 0.843750 0.281250
vt 0.593750 0.281250
vt 0.406250 0.625000
vt 0.437500 0.718750
vt 0.406250 0.718750
vt 0.375000 0.625000
vt 0.281250 0.750000
vt 0.281250 0.718750
vt 0.468750 1.000000
vt 0.406250 1.000000
vt 0.281250 1.000000
vt 0.250000 0.750000
vt 0.062500 0.812500
vt 0.187500 0.812500
vt 0.906250 0.625000
vt 0.937500 0.718750
vt 0.906250 0.718750
vt 0.875000 0.625000
vt 0.781250 0.750000
vt 0.781250 0.718750
vt 0.968750 1.000000
vt 0.906250 1.000000
vt 0.781250 1.000000
vt 0.750000 0.750000
vt 0.531250 1.000000
vt 0.687500 0.812500
vn 0.031685 0.198155 0.979658
vn -0.009297 0.990227 0.139153
vn -0.067357 0.980864 0.182674
vn 0.013675 0.165655 0.986089
vn -0.107154 0.971441 0.211708
vn -0.047957 0.135966 0.989552
vn -0.000423 0.208153 0.978096
vn 0.010211 0.996490 0.083092
vn -0.003485 0.996823 0.079570
vn -0.009290 0.226834 0.973889
vn 0.004082 0.996872 0.078925
vn -0.020462 0.256681 0.966280
vn 0.013708 0.999393 -0.032029
vn 0.010612 0.420527 -0.907218
vn 0.030292 0.322237 -0.946174
vn 0.001220 0.998650 -0.051937
vn 0.013026 0.274098 -0.961613
vn -0.024986 0.997604 -0.064507
vn 0.000358 0.999999 -0.001490
vn 0.020609 0.365526 -0.930573
vn -0.018182 0.337411 -0.941182
vn 0.058506 0.998124 -0.018021
vn -0.019586 0.356507 -0.934087
vn 0.011236 0.999216 -0.037959
vn 0.006106 0.999418 -0.033577
vn -0.001769 0.992852 0.119339
vn 0.027636 0.991634 0.126088
vn 0.025594 0.999106 -0.033644
vn -0.007348 0.993957 0.109522
vn -0.012288 0.999444 -0.030995
vn -0.000264 1.000000 -0.000317
vn -0.002548 0.999569 -0.029263
vn -0.001687 0.999503 -0.031495
vn -0.000022 1.000000 -0.000411
vn 0.000153 0.999355 -0.035898
vn 0.001919 0.995564 0.094070
vn 0.020754 0.996540 0.080485
vn 0.008539 0.999490 -0.030784
vn 0.008632 0.996202 0.086645
vn 0.002697 0.999658 -0.026018
vn -0.007653 0.999971 -0.000072
vn -0.012362 0.999484 -0.029634
vn 0.005623 0.999436 -0.033095
vn 0.007860 0.999969 -0.000773
vn -0.001439 0.999999 -0.000665
vn 0.004628 0.999755 0.021652
vn -0.009498 0.999697 0.022693
vn 0.000762 1.000000 -0.000302
vn 0.005057 0.999758 0.021425
vn -0.000786 0.074941 -0.997188
vn 0.000217 0.391340 -0.920246
vn -0.013109 0.370863 -0.928595
vn -0.008970 0.078415 -0.996881
vn -0.007303 0.336559 -0.941634
vn -0.012252 0.081451 -0.996602
vn 0.003287 0.999642 0.026569
vn 0.024879 0.999443 0.022267
vn 0.024060 0.999700 -0.004582
vn -0.003449 0.999948 -0.009551
vn 0.011119 0.999794 0.017008
vn 0.019683 0.039927 -0.999009
vn 0.023029 0.375816 -0.926408
vn 0.001212 0.366369 -0.930469
vn 0.021367 0.040614 -0.998946
vn -0.025451 0.307683 -0.951148
vn -0.007240 0.025613 -0.999646
vn 0.015147 0.092539 0.995594
vn -0.018346 0.187431 0.982106
vn 0.007988 0.178502 0.983907
vn -0.001887 0.094949 0.995480
vn 0.037166 0.163244 0.985886
vn 0.020466 0.078315 0.996719
vn 0.002842 0.214655 0.976686
vn 0.034057 0.070912 0.996901
vn 0.011007 0.182333 0.983175
vn 0.011392 0.054129 0.998469
vn 0.018876 0.134421 0.990745
vn 0.012780 0.137354 0.990440
vn 0.010028 0.053802 0.998501
vn -0.009716 0.155479 0.987791
vn -0.001088 0.052528 0.998619
vn 0.005866 0.205732 0.978591
vn -0.012814 0.049321 0.998701
vn -0.022776 0.191043 0.981317
vn 0.013807 0.999152 -0.038799
vn 0.003192 0.999353 -0.035824
vn 0.001494 0.999718 0.023720
vn 0.026282 0.999233 0.029045
vn -0.012630 0.999651 0.023193
vn 0.001856 0.999998 -0.000645
vn 0.017216 0.999843 -0.004077
vn -0.021691 0.999642 0.015685
vn -0.011610 0.999930 -0.002474
vn 0.014561 0.999557 -0.025979
vn 0.007470 0.999537 -0.029492
vn -0.000914 0.999798 0.020105
vn -0.008160 0.048982 0.998766
vn 0.004639 0.139348 0.990233
vn 0.027540 0.125163 0.991754
vn -0.001659 0.050420 0.998727
vn -0.020938 0.108382 0.993889
vn -0.018411 0.034669 0.999229
vn -0.007001 0.042230 0.999083
vn 0.049546 0.198065 0.978936
vn 0.015767 0.153991 0.987947
vn -0.000412 0.070556 0.997508
vn 0.033350 0.225094 0.973766
vn -0.013444 0.147589 0.988958
vn -0.010998 0.994042 0.108441
vn 0.010261 0.163002 0.986572
vn -0.020584 0.999310 -0.030909
vn -0.031870 0.999463 -0.007664
vn 0.006402 0.999955 -0.006996
vn -0.002844 0.999399 -0.034558
vn -0.004913 0.999519 -0.030629
vn 0.011281 0.994125 0.107645
vn 0.004855 0.999566 -0.029048
vn -0.006721 0.994102 0.108238
vn -0.009389 0.096382 0.995300
vn -0.081464 0.169846 0.982098
vn -0.030491 0.193944 0.980539
vn -0.021471 0.110626 0.993630
vn -0.011203 0.191096 0.981507
vn -0.020812 0.097214 0.995046
vn 0.014641 0.086766 0.996121
vn 0.009594 0.219276 0.975616
vn -0.024697 0.245999 0.968955
vn 0.041003 0.103325 0.993802
vn 0.040000 0.169750 0.984675
vn 0.029369 0.223118 0.974349
vn -0.028403 0.991666 0.125667
vn 0.011026 0.187215 0.982257
vn -0.009118 0.990959 0.133855
vn -0.038357 0.156476 0.986937
vn 0.065214 0.997423 -0.029913
vn 0.082216 0.996592 -0.006648
vn 0.008990 0.999957 -0.002125
vn 0.132462 0.990531 -0.036085
vn 0.145697 0.989288 -0.008992
vn 0.013355 0.999132 -0.039453
vn 0.004256 0.997100 0.075984
vn -0.023229 0.999202 -0.032486
vn -0.014176 0.996165 0.086334
vn -0.029587 0.999356 0.020321
vn -0.018367 0.999588 -0.022054
vn 0.004780 0.999922 -0.011532
vn 0.021343 0.999406 0.027052
vn 0.013055 0.999710 -0.020261
vn 0.011111 0.999448 -0.031320
vn 0.003814 0.376336 -0.926475
vn 0.012539 0.999183 -0.038427
vn -0.004266 0.101491 -0.994827
vn -0.009955 0.098061 -0.995131
vn -0.001387 0.091398 -0.995813
vn 0.001094 0.098642 -0.995122
vn 0.008561 0.096810 -0.995266
vn 0.007897 0.076468 -0.997041
vn 0.003814 0.077396 -0.996993
vn 0.024914 0.107655 -0.993876
vn 0.008089 0.084962 -0.996351
vn -0.033481 0.111283 -0.993225
vn -0.033934 0.110276 -0.993322
vn -0.058860 0.102948 -0.992944
vn -0.045999 0.106415 -0.993257
vn -0.064478 0.100165 -0.992880
vn -0.061087 0.101036 -0.993006
vn -0.018835 0.082722 -0.996395
vn 0.001891 0.448634 -0.893714
vn 0.003341 0.100317 -0.994950
vn 0.003305 0.383864 -0.923384
vn 0.025422 0.088571 -0.995745
vn 0.085660 0.995996 0.025592
vn 0.120480 0.992337 0.027435
vn 0.067007 0.997301 -0.030000
vn 0.069850 0.997056 -0.031635
vn 0.018005 0.999509 0.025654
vn 0.014003 0.998794 -0.047054
vn -0.005047 0.999601 -0.027774
vn 0.022696 0.330253 -0.943620
vn 0.003748 0.999596 -0.028166
vn -0.003234 0.318584 -0.947889
vn -0.001295 0.999650 -0.026420
vn 0.003171 0.139086 -0.990275
vn -0.014281 0.189438 -0.981789
vn -0.023519 0.169577 -0.985236
vn -0.004802 0.137241 -0.990526
vn 0.012025 0.152862 -0.988175
vn 0.019450 0.130056 -0.991316
vn 0.036283 0.126763 -0.991269
vn 0.010939 0.071646 -0.997370
vn 0.018066 0.060526 -0.998003
vn 0.009349 0.129911 -0.991482
vn -0.002157 0.085821 -0.996308
vn -0.000533 0.119963 -0.992778
vn 0.001779 0.128202 -0.991746
vn 0.029095 0.132997 -0.990689
vn 0.016402 0.125039 -0.992016
vn 0.023435 0.141846 -0.989611
vn 0.015462 0.131262 -0.991227
vn 0.010376 0.132047 -0.991189
vn 0.009423 0.083919 -0.996428
vn -0.003662 0.076868 -0.997035
vn -0.006362 0.127583 -0.991808
vn 0.008589 0.083838 -0.996442
vn 0.005365 0.069767 -0.997549
vn 0.030023 0.392560 -0.919236
vn 0.016095 0.081142 -0.996573
vn -0.000536 0.392693 -0.919670
vn -0.005203 0.088676 -0.996047
vn -0.034644 0.097441 0.994638
vn -0.005815 0.086520 0.996233
vn 0.015859 0.996302 0.084441
vn -0.004464 0.996046 0.088723
vn -0.005900 0.241152 0.970469
vn -0.008824 0.076695 0.997016
vn -0.003068 0.064033 0.997943
vn 0.016553 0.060469 0.998033
vn -0.047967 0.998440 0.028593
vn 0.004899 0.999845 0.016938
vn -0.106008 0.993650 0.037713
vn -0.006751 0.391137 -0.920308
vn -0.039715 0.998741 -0.030643
vn 0.011158 0.418336 -0.908224
vn 0.053411 0.998223 0.026405
vn -0.017977 0.999609 0.021409
vn 0.055604 0.153656 0.986559
vn 0.061297 0.136200 0.988783
vn 0.041185 0.053046 0.997742
vn 0.003227 0.137533 0.990492
vn 0.010093 0.048795 0.998758
vn -0.020663 0.994427 0.103383
vn -0.000196 1.000000 -0.000430
vn 0.000665 1.000000 -0.000350
vn 0.023592 0.153913 0.987803
vn 0.027711 0.119595 0.992436
vn -0.009523 0.043089 0.999026
vn -0.056070 0.111993 0.992126
vn -0.043525 0.051735 0.997712
vn -0.102831 0.131309 0.985994
vn -0.043563 0.064948 0.996937
vn 0.048580 0.991201 0.123129
vn 0.103073 0.980665 0.166352
vn -0.007306 0.999956 -0.005822
vn -0.041354 0.999145 -0.000289
vn 0.003592 0.999994 -0.000175
vn 0.003839 0.999826 0.018253
vn 0.014344 0.373727 -0.927428
vn -0.002270 0.081959 -0.996633
vn -0.024278 0.119195 -0.992574
vn -0.023098 0.110183 -0.993643
vn -0.012977 0.106154 -0.994265
vn 0.031091 0.098899 -0.994612
vn 0.033910 0.107444 -0.993633
vn 0.034526 0.112560 -0.993045
vn -0.002992 0.113839 -0.993495
vn -0.003575 0.108385 -0.994103
vn -0.022862 0.999713 -0.007184
vn -0.008767 0.999959 -0.002061
vn -0.013998 0.999759 0.016923
vn -0.026239 0.999380 0.023480
vn -0.004790 0.314053 -0.949393
vn 0.016953 0.280609 -0.959672
vn 0.015200 0.011067 -0.999823
vn -0.003837 0.011822 -0.999923
vn 0.056799 0.144680 -0.987847
vn 0.038463 0.127061 -0.991149
vn 0.027772 0.135562 -0.990380
vn 0.028299 0.141728 -0.989501
vn 0.015948 0.145474 -0.989234
vn -0.016123 0.141288 -0.989837
vn -0.010487 0.130333 -0.991415
vn -0.030010 0.130023 -0.991057
vn -0.017939 0.122801 -0.992269
vn -0.035077 0.186210 0.981884
vn -0.040066 0.183505 0.982202
vn -0.004922 0.992190 0.124639
vn -0.009024 0.219175 0.975644
vn -0.053886 0.160168 0.985618
vn -0.009965 0.182758 0.983108
vn 0.022843 0.167398 0.985625
vn 0.032888 0.144383 0.988975
vn -0.002264 0.995481 0.094939
vn 0.008330 0.203022 0.979139
vn -0.063815 0.997960 -0.001852
vn -0.126290 0.991988 -0.003306
vn -0.012689 0.999697 0.021109
vn -0.001699 0.362156 -0.932116
vn -0.034342 0.999026 -0.027718
vn 0.039774 0.999174 -0.008377
vn -0.052461 0.998347 0.023463
vn -0.006610 0.411051 -0.911588
vn -0.049556 0.998647 -0.015733
vn -0.079431 0.119142 0.989695
vn -0.031291 0.135663 0.990261
vn 0.015254 0.992501 0.121285
vn 0.016845 0.167918 0.985657
vn 0.033595 0.999435 -0.001039
vn 0.006458 0.999539 -0.029665
vn -0.005692 0.999514 -0.030641
vn -0.103420 0.994306 -0.025684
vn -0.059351 0.997888 -0.026420
vn 0.036505 0.182826 0.982467
vn 0.054757 0.179512 0.982231
vn -0.011820 0.238892 0.970974
vn 0.032250 0.992032 0.121793
vn -0.049497 0.177624 0.982853
vn 0.001611 0.999999 -0.000308
vn 0.013716 0.999421 -0.031147
vn -0.012456 0.999559 -0.026959
vn -0.011704 0.999478 -0.030100
vn 0.005596 0.999462 -0.032327
vn 0.001895 0.999586 -0.028696
vn 0.023859 0.999163 -0.033238
vn 0.029458 0.999332 0.021611
vn -0.003895 0.999727 -0.023034
vn 0.010539 0.369786 -0.929057
vn -0.024705 0.999054 -0.035782
vn -0.021728 0.141940 -0.989637
vn -0.037693 0.121504 -0.991875
vn -0.028231 0.106987 -0.993859
vn -0.014644 0.104746 -0.994391
vn 0.015952 0.087596 -0.996028
vn -0.004782 0.063389 -0.997977
vn -0.035021 0.064797 -0.997284
vn -0.010885 0.999718 0.021127
vn -0.033603 0.998827 -0.034865
vn -0.020182 0.374212 -0.927123
vn -0.008122 0.999835 -0.016240
vn 0.078813 0.209362 -0.974657
vn 0.069729 0.206460 -0.975967
vn 0.048777 0.200395 -0.978500
vn 0.028943 0.197927 -0.979789
vn 0.042322 0.145551 -0.988445
vn 0.018788 0.047860 -0.998677
vn 0.008506 0.148624 -0.988857
vn -0.010352 0.069791 -0.997508
s 1
g pPlane3
usemtl dukSG
f 113/144/187 84/115/188 265/268/189 266/269/190
f 266/269/190 265/268/189 111/142/191 356/359/192
f 116/147/193 86/117/194 267/270/195 268/271/196
f 268/271/196 267/270/195 114/145/197 359/362/198
f 269/272/199 89/120/200 270/273/201 371/232/202
f 371/232/202 270/273/201 117/148/203 271/274/204
f 272/275/205 93/124/206 273/276/207 372/233/208
f 372/233/208 273/276/207 119/150/209 274/277/210
f 276/279/211 95/126/212 277/280/213 373/234/214
f 373/234/214 277/280/213 125/156/215 126/157/216
f 127/158/217 128/159/218 97/128/219 76/107/220
f 279/282/221 99/130/222 280/283/223 374/235/224
f 374/235/224 280/283/223 133/164/225 134/165/226
f 135/166/227 136/167/228 101/132/229 78/109/230
f 137/168/231 138/169/232 281/284/233 391/252/234
f 281/284/233 88/119/235 76/107/220 391/252/234
f 142/173/236 102/133/237 282/285/238 283/286/239
f 283/286/239 282/285/238 139/170/240 207/380/241
f 146/177/242 284/287/243 396/257/244 145/176/245
f 284/287/243 92/123/246 78/109/230 396/257/244
f 150/181/247 107/138/248 285/288/249 286/289/250
f 286/289/250 285/288/249 147/178/251 214/387/252
f 154/185/253 83/114/254 287/290/255 288/291/256
f 288/291/256 287/290/255 155/186/257 156/187/258
f 290/293/259 156/187/258 122/153/260 289/292/261
f 160/191/262 85/116/263 292/295/264 293/296/265
f 293/296/265 292/295/264 161/192/266 162/193/267
f 295/298/268 162/193/267 129/160/269 294/297/270
f 88/119/235 166/197/271 225/398/272 165/196/273
f 121/152/274 296/299/275 398/259/276 168/199/277
f 296/299/275 90/121/278 306/309/279 398/259/276
f 92/123/246 170/201/280 228/401/281 169/200/282
f 123/154/283 94/125/284 297/300/285 298/301/286
f 298/301/286 297/300/285 172/203/287 173/204/288
f 173/204/288 299/302/289 301/304/290 302/305/291
f 299/302/289 158/189/292 300/303/293 301/304/290
f 174/205/294 95/126/212 303/306/295 304/307/296
f 126/157/216 305/308/297 232/405/298 175/206/299
f 305/308/297 370/373/300 306/309/279 232/405/298
f 308/311/301 84/115/188 309/312/302 375/236/303
f 375/236/303 309/312/302 157/188/304 128/159/218
f 131/162/305 98/129/306 310/313/307 311/314/308
f 311/314/308 310/313/307 178/209/309 180/211/310
f 180/211/310 312/315/311 314/317/312 315/318/313
f 312/315/311 179/210/314 313/316/315 314/317/312
f 181/212/316 99/130/222 316/319/317 317/320/318
f 317/320/318 316/319/317 182/213/319 237/410/320
f 134/165/226 318/321/321 238/411/322 183/214/323
f 318/321/321 205/378/324 319/322/325 238/411/322
f 322/325/326 86/117/194 323/326/327 376/237/328
f 376/237/328 323/326/327 163/194/329 136/167/228
f 324/327/330 90/121/278 120/151/331 400/261/332
f 186/217/333 324/327/330 400/261/332 242/415/334
f 325/328/335 102/133/237 326/329/336 327/330/337
f 328/331/338 104/135/339 188/219/340 329/332/341
f 329/332/341 330/333/342 332/335/343 333/336/344
f 330/333/342 209/382/345 331/334/346 332/335/343
f 334/337/347 105/136/348 335/338/349 377/238/350
f 377/238/350 335/338/349 189/220/351 190/221/352
f 191/222/353 89/120/200 336/339/354 337/340/355
f 337/340/355 336/339/354 167/198/356 252/425/357
f 338/341/358 106/137/359 193/224/360 403/264/361
f 192/223/362 338/341/358 403/264/361 254/427/363
f 339/342/364 107/138/248 340/343/365 378/239/366
f 378/239/366 340/343/365 194/225/367 341/344/368
f 342/345/369 109/140/370 343/346/371 379/240/372
f 379/240/372 343/346/371 196/227/373 197/228/374
f 197/228/374 344/347/375 346/349/376 347/350/377
f 344/347/375 216/389/378 345/348/379 346/349/376
f 348/351/380 110/141/381 349/352/382 380/241/383
f 380/241/383 349/352/382 198/229/384 199/230/385
f 199/230/385 350/353/386 351/354/387 352/355/388
f 350/353/386 103/134/389 140/171/390 351/354/387
f 200/231/391 93/124/206 353/356/392 354/357/393
f 354/357/393 353/356/392 171/202/394 264/437/395
f 112/143/396 355/358/397 266/269/190 356/359/192
f 355/358/397 154/185/253 113/144/187 266/269/190
f 357/360/398 358/361/399 300/303/293 381/242/400
f 114/145/197 357/360/398 381/242/400 359/362/198
f 300/303/293 158/189/292 291/294/401 381/242/400
f 381/242/400 291/294/401 115/146/402 359/362/198
f 115/146/402 360/363/403 268/271/196 359/362/198
f 360/363/403 160/191/262 116/147/193 268/271/196
f 361/364/404 362/365/405 269/272/199 371/232/202
f 118/149/406 361/364/404 371/232/202 271/274/204
f 119/150/209 363/366/407 364/367/408 274/277/210
f 363/366/407 79/110/409 120/151/331 364/367/408
f 120/151/331 90/121/278 296/299/275 364/367/408
f 364/367/408 296/299/275 121/152/274 274/277/210
f 365/368/410 366/369/411 272/275/205 372/233/208
f 121/152/274 365/368/410 372/233/208 274/277/210
f 122/153/260 75/106/412 367/370/413 275/278/414
f 275/278/414 367/370/413 368/371/415 124/155/416
f 368/371/415 94/125/284 123/154/283 124/155/416
f 125/156/215 369/372/417 305/308/297 126/157/216
f 369/372/417 358/361/399 370/373/300 305/308/297
f 87/118/418 308/311/301 375/236/303 382/243/419
f 382/243/419 375/236/303 128/159/218 127/158/217
f 129/160/269 77/108/420 201/374/421 278/281/422
f 278/281/422 201/374/421 130/161/423 132/163/424
f 202/375/425 98/129/306 131/162/305 203/376/426
f 130/161/423 202/375/425 203/376/426 132/163/424
f 133/164/225 204/377/427 318/321/321 134/165/226
f 204/377/427 235/408/428 205/378/324 318/321/321
f 91/122/429 322/325/326 376/237/328 383/244/430
f 383/244/430 376/237/328 136/167/228 135/166/227
f 137/168/231 96/127/431 244/417/432 138/169/232
f 206/379/433 79/110/409 140/171/390 384/245/434
f 139/170/240 206/379/433 384/245/434 207/380/241
f 140/171/390 103/134/389 401/262/435 384/245/434
f 384/245/434 401/262/435 141/172/436 207/380/241
f 141/172/436 208/381/437 283/286/239 207/380/241
f 208/381/437 328/331/338 142/173/236 283/286/239
f 209/382/345 80/111/438 143/174/439 144/175/440
f 143/174/439 210/383/441 211/384/442 144/175/440
f 210/383/441 105/136/348 334/337/347 211/384/442
f 320/323/443 100/131/444 256/429/445 212/385/446
f 320/323/443 212/385/446 146/177/242 145/176/245
f 213/386/447 81/112/448 148/179/449 385/246/450
f 147/178/251 213/386/447 385/246/450 214/387/252
f 148/179/449 108/139/451 404/265/452 385/246/450
f 385/246/450 404/265/452 149/180/453 214/387/252
f 149/180/453 215/388/454 286/289/250 214/387/252
f 215/388/454 342/345/369 150/181/247 286/289/250
f 216/389/378 82/113/455 151/182/456 152/183/457
f 151/182/456 217/390/458 218/391/459 152/183/457
f 217/390/458 110/141/381 348/351/380 218/391/459
f 219/392/460 83/114/254 154/185/253 355/358/397
f 153/184/461 219/392/460 355/358/397 112/143/396
f 155/186/257 75/106/412 122/153/260 156/187/258
f 290/293/259 289/292/261 220/393/462 157/188/304
f 309/312/302 84/115/188 113/144/187 386/247/463
f 157/188/304 309/312/302 386/247/463 290/293/259
f 113/144/187 154/185/253 288/291/256 386/247/463
f 386/247/463 288/291/256 156/187/258 290/293/259
f 158/189/292 71/102/464 221/394/465 291/294/401
f 291/294/401 221/394/465 159/190/466 115/146/402
f 222/395/467 85/116/263 160/191/262 360/363/403
f 159/190/466 222/395/467 360/363/403 115/146/402
f 161/192/266 77/108/420 129/160/269 162/193/267
f 295/298/268 294/297/270 223/396/468 163/194/329
f 323/326/327 86/117/194 116/147/193 387/248/469
f 163/194/329 323/326/327 387/248/469 295/298/268
f 116/147/193 160/191/262 293/296/265 387/248/469
f 387/248/469 293/296/265 162/193/267 295/298/268
f 307/310/470 87/118/418 362/365/405 361/364/404
f 307/310/470 361/364/404 118/149/406 164/195/471
f 127/158/217 76/107/220 88/119/235 165/196/273
f 127/158/217 165/196/273 224/397/472 382/243/419
f 382/243/419 224/397/472 362/365/405 87/118/418
f 166/197/271 250/423/473 167/198/356 225/398/272
f 167/198/356 336/339/354 226/399/474 225/398/272
f 336/339/354 89/120/200 269/272/199 226/399/474
f 269/272/199 362/365/405 224/397/472 226/399/474
f 226/399/474 224/397/472 165/196/273 225/398/272
f 321/324/475 91/122/429 366/369/411 365/368/410
f 321/324/475 365/368/410 121/152/274 168/199/277
f 135/166/227 78/109/230 92/123/246 169/200/282
f 135/166/227 169/200/282 227/400/476 383/244/430
f 383/244/430 227/400/476 366/369/411 91/122/429
f 170/201/280 262/435/477 171/202/394 228/401/281
f 171/202/394 353/356/392 229/402/478 228/401/281
f 353/356/392 93/124/206 272/275/205 229/402/478
f 272/275/205 366/369/411 227/400/476 229/402/478
f 229/402/478 227/400/476 169/200/282 228/401/281
f 230/403/479 71/102/464 158/189/292 299/302/289
f 172/203/287 230/403/479 299/302/289 173/204/288
f 300/303/293 358/361/399 369/372/417 301/304/290
f 301/304/290 369/372/417 125/156/215 302/305/291
f 277/280/213 95/126/212 174/205/294 388/249/480
f 125/156/215 277/280/213 388/249/480 302/305/291
f 174/205/294 123/154/283 298/301/286 388/249/480
f 388/249/480 298/301/286 173/204/288 302/305/291
f 231/404/481 220/393/462 289/292/261 389/250/482
f 303/306/295 231/404/481 389/250/482 304/307/296
f 289/292/261 122/153/260 275/278/414 389/250/482
f 389/250/482 275/278/414 124/155/416 304/307/296
f 124/155/416 123/154/283 174/205/294 304/307/296
f 96/127/431 276/279/211 373/234/214 390/251/483
f 390/251/483 373/234/214 126/157/216 175/206/299
f 76/107/220 97/128/219 392/253/484 391/252/234
f 391/252/234 392/253/484 176/207/485 137/168/231
f 176/207/485 276/279/211 96/127/431 137/168/231
f 97/128/219 220/393/462 231/404/481 392/253/484
f 392/253/484 231/404/481 303/306/295 176/207/485
f 303/306/295 95/126/212 276/279/211 176/207/485
f 177/208/486 233/406/487 307/310/470 164/195/471
f 233/406/487 308/311/301 87/118/418 307/310/470
f 111/142/191 265/268/189 233/406/487 177/208/486
f 265/268/189 84/115/188 308/311/301 233/406/487
f 97/128/219 128/159/218 157/188/304 220/393/462
f 234/407/488 72/103/489 179/210/314 312/315/311
f 178/209/309 234/407/488 312/315/311 180/211/310
f 313/316/315 235/408/428 204/377/427 314/317/312
f 314/317/312 204/377/427 133/164/225 315/318/313
f 280/283/223 99/130/222 181/212/316 393/254/490
f 133/164/225 280/283/223 393/254/490 315/318/313
f 181/212/316 131/162/305 311/314/308 393/254/490
f 393/254/490 311/314/308 180/211/310 315/318/313
f 236/409/491 223/396/468 294/297/270 394/255/492
f 182/213/319 236/409/491 394/255/492 237/410/320
f 294/297/270 129/160/269 278/281/422 394/255/492
f 394/255/492 278/281/422 132/163/424 237/410/320
f 132/163/424 203/376/426 317/320/318 237/410/320
f 203/376/426 131/162/305 181/212/316 317/320/318
f 100/131/444 279/282/221 374/235/224 395/256/493
f 395/256/493 374/235/224 134/165/226 183/214/323
f 78/109/230 101/132/229 397/258/494 396/257/244
f 396/257/244 397/258/494 184/215/495 145/176/245
f 184/215/495 239/412/496 320/323/443 145/176/245
f 239/412/496 279/282/221 100/131/444 320/323/443
f 101/132/229 223/396/468 236/409/491 397/258/494
f 397/258/494 236/409/491 182/213/319 184/215/495
f 182/213/319 316/319/317 239/412/496 184/215/495
f 316/319/317 99/130/222 279/282/221 239/412/496
f 306/309/279 370/373/300 399/260/497 398/259/276
f 398/259/276 399/260/497 185/216/498 168/199/277
f 185/216/498 240/413/499 321/324/475 168/199/277
f 240/413/499 322/325/326 91/122/429 321/324/475
f 370/373/300 358/361/399 357/360/398 399/260/497
f 399/260/497 357/360/398 114/145/197 185/216/498
f 114/145/197 267/270/195 240/413/499 185/216/498
f 267/270/195 86/117/194 322/325/326 240/413/499
f 101/132/229 136/167/228 163/194/329 223/396/468
f 232/405/298 306/309/279 90/121/278 324/327/330
f 232/405/298 324/327/330 186/217/333 175/206/299
f 175/206/299 186/217/333 241/414/500 390/251/483
f 390/251/483 241/414/500 244/417/432 96/127/431
f 120/151/331 79/110/409 206/379/433 400/261/332
f 400/261/332 206/379/433 139/170/240 242/415/334
f 139/170/240 282/285/238 243/416/501 242/415/334
f 282/285/238 102/133/237 325/328/335 243/416/501
f 325/328/335 244/417/432 241/414/500 243/416/501
f 243/416/501 241/414/500 186/217/333 242/415/334
f 326/329/336 245/418/502 246/419/503 327/330/337
f 245/418/502 250/423/473 166/197/271 246/419/503
f 166/197/271 88/119/235 281/284/233 246/419/503
f 246/419/503 281/284/233 138/169/232 327/330/337
f 138/169/232 244/417/432 325/328/335 327/330/337
f 103/134/389 73/104/504 247/420/505 401/262/435
f 401/262/435 247/420/505 187/218/506 141/172/436
f 187/218/506 248/421/507 208/381/437 141/172/436
f 248/421/507 104/135/339 328/331/338 208/381/437
f 188/219/340 249/422/508 330/333/342 329/332/341
f 249/422/508 80/111/438 209/382/345 330/333/342
f 331/334/346 250/423/473 245/418/502 332/335/343
f 332/335/343 245/418/502 326/329/336 333/336/344
f 326/329/336 102/133/237 142/173/236 333/336/344
f 142/173/236 328/331/338 329/332/341 333/336/344
f 270/273/201 89/120/200 191/222/353 402/263/509
f 117/148/203 270/273/201 402/263/509 251/424/510
f 191/222/353 334/337/347 377/238/350 402/263/509
f 402/263/509 377/238/350 190/221/352 251/424/510
f 167/198/356 250/423/473 331/334/346 252/425/357
f 331/334/346 209/382/345 144/175/440 252/425/357
f 144/175/440 211/384/442 337/340/355 252/425/357
f 211/384/442 334/337/347 191/222/353 337/340/355
f 238/411/322 319/322/325 106/137/359 338/341/358
f 238/411/322 338/341/358 192/223/362 183/214/323
f 183/214/323 192/223/362 253/426/511 395/256/493
f 395/256/493 253/426/511 256/429/445 100/131/444
f 193/224/360 81/112/448 213/386/447 403/264/361
f 403/264/361 213/386/447 147/178/251 254/427/363
f 147/178/251 285/288/249 255/428/512 254/427/363
f 285/288/249 107/138/248 339/342/364 255/428/512
f 339/342/364 256/429/445 253/426/511 255/428/512
f 255/428/512 253/426/511 192/223/362 254/427/363
f 194/225/367 257/430/513 258/431/514 341/344/368
f 257/430/513 262/435/477 170/201/280 258/431/514
f 170/201/280 92/123/246 284/287/243 258/431/514
f 258/431/514 284/287/243 146/177/242 341/344/368
f 212/385/446 256/429/445 339/342/364 378/239/366
f 146/177/242 212/385/446 378/239/366 341/344/368
f 108/139/451 74/105/515 259/432/516 404/265/452
f 404/265/452 259/432/516 195/226/517 149/180/453
f 195/226/517 260/433/518 215/388/454 149/180/453
f 260/433/518 109/140/370 342/345/369 215/388/454
f 196/227/373 261/434/519 344/347/375 197/228/374
f 261/434/519 82/113/455 216/389/378 344/347/375
f 345/348/379 262/435/477 257/430/513 346/349/376
f 346/349/376 257/430/513 194/225/367 347/350/377
f 340/343/365 107/138/248 150/181/247 405/266/520
f 194/225/367 340/343/365 405/266/520 347/350/377
f 150/181/247 342/345/369 379/240/372 405/266/520
f 405/266/520 379/240/372 197/228/374 347/350/377
f 198/229/384 263/436/521 350/353/386 199/230/385
f 263/436/521 73/104/504 103/134/389 350/353/386
f 140/171/390 79/110/409 363/366/407 351/354/387
f 351/354/387 363/366/407 119/150/209 352/355/388
f 273/276/207 93/124/206 200/231/391 406/267/522
f 119/150/209 273/276/207 406/267/522 352/355/388
f 200/231/391 348/351/380 380/241/383 406/267/522
f 406/267/522 380/241/383 199/230/385 352/355/388
f 171/202/394 262/435/477 345/348/379 264/437/395
f 345/348/379 216/389/378 152/183/457 264/437/395
f 152/183/457 218/391/459 354/357/393 264/437/395
f 218/391/459 348/351/380 200/231/391 354/357/393
g default
v -1.542598 -0.256560 0.526011
v -1.558284 -0.245164 0.526011
v -1.577673 -0.245164 0.526011
v -1.593359 -0.256560 0.526011
v -1.599351 -0.275000 0.526011
v -1.593359 -0.293440 0.526011
v -1.577673 -0.304836 0.526011
v -1.558284 -0.304836 0.526011
v -1.542598 -0.293440 0.526011
v -1.536607 -0.275000 0.526011
v -1.538643 -0.253687 0.572347
v -1.556774 -0.240514 0.572347
v -1.579184 -0.240514 0.572347
v -1.597314 -0.253687 0.572347
v -1.604239 -0.275000 0.572347
v -1.597314 -0.296313 0.572347
v -1.579184 -0.309486 0.572347
v -1.556774 -0.309486 0.572347
v -1.538643 -0.296313 0.572347
v -1.531718 -0.275000 0.572347
v -1.567979 -0.275000 0.526011
v -1.546597 -0.259465 0.538507
v -1.541549 -0.275000 0.538507
v -1.546597 -0.290535 0.538507
v -1.559812 -0.300136 0.538507
v -1.576146 -0.300136 0.538507
v -1.589361 -0.290535 0.538507
v -1.594408 -0.275000 0.538507
v -1.589361 -0.259465 0.538507
v -1.576146 -0.249864 0.538507
v -1.559812 -0.249864 0.538507
v -1.546597 -0.259465 0.548266
v -1.541549 -0.275000 0.548266
v -1.546597 -0.290535 0.548266
v -1.559812 -0.300136 0.548266
v -1.576146 -0.300136 0.548266
v -1.589361 -0.290535 0.548266
v -1.594408 -0.275000 0.548266
v -1.589361 -0.259465 0.548266
v -1.576146 -0.249864 0.548266
v -1.559812 -0.249864 0.548266
v -1.542598 -0.256560 0.560763
v -1.536607 -0.275000 0.560763
v -1.542598 -0.293440 0.560763
v -1.558284 -0.304836 0.560763
v -1.577673 -0.304836 0.560763
v -1.593359 -0.293440 0.560763
v -1.599351 -0.275000 0.560763
v -1.593359 -0.256560 0.560763
v -1.577673 -0.245164 0.560763
v -1.558284 -0.245164 0.560763
v -1.542631 -0.256584 0.585223
v -1.558297 -0.245202 0.585223
v -1.567979 -0.275000 0.585223
v -1.577661 -0.245202 0.585223
v -1.593326 -0.256584 0.585223
v -1.599310 -0.275000 0.585223
v -1.593326 -0.293416 0.585223
v -1.577661 -0.304798 0.585223
v -1.558297 -0.304798 0.585223
v -1.542631 -0.293416 0.585223
v -1.536647 -0.275000 0.585223
v -1.974596 -0.473946 0.526011
v -1.161361 -0.473946 0.526011
v -1.974596 -0.076054 0.526011
v -1.161361 -0.076054 0.526011
v -1.974596 -0.076054 -0.354067
v -1.161361 -0.076054 -0.354067
v -1.974596 -0.473946 -0.354067
v -1.161361 -0.473946 -0.354067
v -1.974596 -0.076054 0.503797
v -1.974596 -0.473946 0.503797
v -1.161361 -0.473946 0.503797
v -1.161361 -0.076054 0.503797
v -1.994596 -0.056054 0.526011
v -1.141361 -0.056054 0.526011
v -1.141361 -0.056054 0.503797
v -1.994596 -0.056054 0.503797
v -1.994596 -0.493946 0.503797
v -1.141361 -0.493946 0.503797
v -1.141361 -0.493946 0.526011
v -1.994596 -0.493946 0.526011
v -1.567979 -0.275000 0.526011
vt 0.626409 0.064409
vt 0.548284 0.007647
vt 0.451716 0.007647
vt 0.373591 0.064409
vt 0.343750 0.156250
vt 0.373591 0.248091
vt 0.451716 0.304853
vt 0.548284 0.304853
vt 0.626409 0.248091
vt 0.656250 0.156250
vt 0.375000 0.312500
vt 0.400000 0.312500
vt 0.425000 0.312500
vt 0.450000 0.312500
vt 0.475000 0.312500
vt 0.500000 0.312500
vt 0.525000 0.312500
vt 0.550000 0.312500
vt 0.575000 0.312500
vt 0.600000 0.312500
vt 0.625000 0.312500
vt 0.375000 0.687500
vt 0.400000 0.687500
vt 0.425000 0.687500
vt 0.450000 0.687500
vt 0.475000 0.687500
vt 0.500000 0.687500
vt 0.525000 0.687500
vt 0.550000 0.687500
vt 0.575000 0.687500
vt 0.600000 0.687500
vt 0.625000 0.687500
vt 0.626409 0.751909
vt 0.548284 0.695147
vt 0.451716 0.695147
vt 0.373591 0.751909
vt 0.343750 0.843750
vt 0.373591 0.935591
vt 0.451716 0.992353
vt 0.548284 0.992353
vt 0.626409 0.935591
vt 0.656250 0.843750
vt 0.500000 0.156250
vt 0.500000 0.843750
vt 0.625000 0.406250
vt 0.375000 0.406250
vt 0.600000 0.406250
vt 0.575000 0.406250
vt 0.550000 0.406250
vt 0.525000 0.406250
vt 0.500000 0.406250
vt 0.475000 0.406250
vt 0.450000 0.406250
vt 0.425000 0.406250
vt 0.400000 0.406250
vt 0.625000 0.500000
vt 0.375000 0.500000
vt 0.600000 0.500000
vt 0.575000 0.500000
vt 0.550000 0.500000
vt 0.525000 0.500000
vt 0.500000 0.500000
vt 0.475000 0.500000
vt 0.450000 0.500000
vt 0.425000 0.500000
vt 0.400000 0.500000
vt 0.625000 0.593750
vt 0.375000 0.593750
vt 0.600000 0.593750
vt 0.575000 0.593750
vt 0.550000 0.593750
vt 0.525000 0.593750
vt 0.500000 0.593750
vt 0.475000 0.593750
vt 0.450000 0.593750
vt 0.425000 0.593750
vt 0.400000 0.593750
vt 0.626409 0.935591
vt 0.548284 0.992353
vt 0.451716 0.992353
vt 0.373591 0.935591
vt 0.343750 0.843750
vt 0.373591 0.751909
vt 0.451716 0.695147
vt 0.548284 0.695147
vt 0.626409 0.751909
vt 0.656250 0.843750
vt 0.375000 0.250000
vt 0.500000 0.125000
vt 0.625000 0.250000
vt 0.375000 0.250000
vt 0.625000 0.250000
vt 0.625000 0.256310
vt 0.375000 0.256310
vt 0.375000 0.500000
vt 0.625000 0.500000
vt 0.625000 0.750000
vt 0.375000 0.750000
vt 0.375000 0.993690
vt 0.625000 0.993690
vt 0.625000 1.000000
vt 0.375000 1.000000
vt 0.625000 0.000000
vt 0.631310 0.000000
vt 0.631310 0.250000
vt 0.368690 0.250000
vt 0.368690 0.000000
vt 0.375000 0.000000
vt 0.125000 0.000000
vt 0.368690 0.000000
vt 0.368690 0.250000
vt 0.125000 0.250000
vt 0.625000 0.993690
vt 0.375000 0.993690
vt 0.631310 0.250000
vt 0.631310 0.000000
vt 0.875000 0.000000
vt 0.875000 0.250000
vt 0.375000 0.256310
vt 0.625000 0.256310
vt 0.625000 1.000000
vt 0.375000 1.000000
vt 0.625000 0.000000
vt 0.375000 0.000000
vn 0.550152 0.757221 0.352065
vn 0.550152 0.757221 0.352065
vn 0.573351 0.789150 0.220250
vn 0.573351 0.789150 0.220250
vn 0.000000 0.935975 0.352066
vn 0.000000 0.935975 0.352066
vn 0.000000 0.975443 0.220251
vn 0.000000 0.975443 0.220251
vn -0.550151 0.757221 0.352065
vn -0.550151 0.757221 0.352065
vn -0.573351 0.789151 0.220250
vn -0.573351 0.789151 0.220250
vn -0.890166 0.289229 0.352066
vn -0.890166 0.289229 0.352066
vn -0.927702 0.301427 0.220251
vn -0.927702 0.301427 0.220251
vn -0.890166 -0.289229 0.352066
vn -0.890166 -0.289229 0.352066
vn -0.927702 -0.301427 0.220251
vn -0.927702 -0.301427 0.220251
vn -0.550151 -0.757220 0.352068
vn -0.550151 -0.757220 0.352068
vn -0.573351 -0.789150 0.220252
vn -0.573351 -0.789150 0.220252
vn 0.000000 -0.935975 0.352066
vn 0.000000 -0.935975 0.352066
vn 0.000000 -0.975443 0.220251
vn 0.000000 -0.975443 0.220251
vn 0.550152 -0.757219 0.352067
vn 0.550152 -0.757220 0.352067
vn 0.573351 -0.789150 0.220252
vn 0.573351 -0.789150 0.220252
vn 0.890166 -0.289229 0.352066
vn 0.890166 -0.289229 0.352066
vn 0.927702 -0.301427 0.220250
vn 0.927702 -0.301427 0.220251
vn 0.890166 0.289229 0.352066
vn 0.890166 0.289229 0.352066
vn 0.927702 0.301427 0.220251
vn 0.927702 0.301427 0.220251
vn 0.000003 0.000000 -1.000000
vn 0.000003 0.000000 -1.000000
vn -0.000000 0.000000 -1.000000
vn -0.000002 0.000000 -1.000000
vn -0.000002 0.000000 -1.000000
vn 0.000000 0.000000 -1.000000
vn 0.000000 0.000000 -1.000000
vn 0.000000 0.000000 -1.000000
vn -0.000002 0.000000 -1.000000
vn -0.000002 0.000000 -1.000000
vn 0.000000 0.000000 -1.000000
vn 0.000002 0.000000 1.000000
vn 0.000002 0.000000 1.000000
vn 0.000000 0.000000 1.000000
vn 0.000000 0.000000 1.000000
vn 0.000000 0.000000 1.000000
vn 0.000000 0.000000 1.000000
vn -0.000002 0.000000 1.000000
vn -0.000002 0.000000 1.000000
vn 0.000000 0.000000 1.000000
vn 0.000000 0.000000 1.000000
vn 0.000000 0.000000 1.000000
vn 0.927702 0.301428 -0.220251
vn 0.927702 0.301428 -0.220251
vn 0.927702 -0.301428 -0.220251
vn 0.927702 -0.301428 -0.220251
vn 0.573352 -0.789149 -0.220252
vn 0.573352 -0.789149 -0.220252
vn 0.000000 -0.975443 -0.220251
vn 0.000000 -0.975443 -0.220251
vn -0.573352 -0.789150 -0.220252
vn -0.573352 -0.789150 -0.220252
vn -0.927702 -0.301428 -0.220251
vn -0.927702 -0.301428 -0.220251
vn -0.927702 0.301428 -0.220251
vn -0.927702 0.301428 -0.220251
vn -0.573352 0.789149 -0.220251
vn -0.573352 0.789149 -0.220251
vn 0.000000 0.975443 -0.220251
vn 0.000000 0.975443 -0.220251
vn 0.573352 0.789150 -0.220251
vn 0.573352 0.789150 -0.220251
vn 0.885995 0.287876 -0.363512
vn 0.885995 0.287876 -0.363512
vn 0.885995 -0.287876 -0.363511
vn 0.885995 -0.287876 -0.363511
vn 0.547573 -0.753673 -0.363511
vn 0.547573 -0.753673 -0.363511
vn 0.000000 -0.931589 -0.363512
vn 0.000000 -0.931589 -0.363512
vn -0.547574 -0.753673 -0.363511
vn -0.547574 -0.753673 -0.363511
vn -0.885996 -0.287873 -0.363512
vn -0.885996 -0.287873 -0.363512
vn -0.885996 0.287872 -0.363512
vn -0.885996 0.287872 -0.363512
vn -0.547574 0.753673 -0.363510
vn -0.547574 0.753673 -0.363510
vn 0.000000 0.931589 -0.363513
vn 0.000000 0.931589 -0.363513
vn 0.547574 0.753673 -0.363510
vn 0.547574 0.753673 -0.363510
vn 0.882616 0.286780 -0.372486
vn 0.882616 0.286780 -0.372486
vn 0.882617 -0.286780 -0.372485
vn 0.882617 -0.286780 -0.372485
vn 0.545484 -0.750801 -0.372485
vn 0.545484 -0.750801 -0.372485
vn 0.000000 -0.928037 -0.372488
vn 0.000000 -0.928037 -0.372488
vn -0.545485 -0.750801 -0.372484
vn -0.545485 -0.750801 -0.372484
vn -0.882618 -0.286773 -0.372487
vn -0.882618 -0.286773 -0.372487
vn -0.882618 0.286773 -0.372487
vn -0.882618 0.286773 -0.372487
vn -0.545484 0.750802 -0.372484
vn -0.545484 0.750802 -0.372484
vn 0.000000 0.928037 -0.372488
vn 0.000000 0.928037 -0.372488
vn 0.545485 0.750801 -0.372483
vn 0.545485 0.750801 -0.372483
vn 0.552321 0.760203 0.342100
vn 0.552321 0.760203 0.342100
vn 0.552321 0.760203 0.342100
vn 0.552321 0.760203 0.342100
vn 0.000000 0.939664 0.342098
vn 0.000000 0.939664 0.342098
vn 0.000000 0.939664 0.342098
vn 0.000000 0.939664 0.342098
vn -0.552321 0.760203 0.342099
vn -0.552321 0.760203 0.342099
vn -0.552321 0.760203 0.342099
vn -0.552321 0.760203 0.342099
vn -0.893673 0.290372 0.342101
vn -0.893673 0.290372 0.342101
vn -0.893673 0.290372 0.342101
vn -0.893673 0.290372 0.342101
vn -0.893673 -0.290372 0.342101
vn -0.893673 -0.290372 0.342101
vn -0.893673 -0.290372 0.342101
vn -0.893673 -0.290372 0.342101
vn -0.552321 -0.760203 0.342101
vn -0.552321 -0.760203 0.342101
vn -0.552321 -0.760203 0.342101
vn -0.552321 -0.760203 0.342101
vn 0.000000 -0.939664 0.342099
vn 0.000000 -0.939664 0.342099
vn 0.000000 -0.939664 0.342099
vn 0.000000 -0.939664 0.342099
vn 0.552321 -0.760203 0.342100
vn 0.552321 -0.760203 0.342100
vn 0.552321 -0.760203 0.342100
vn 0.552321 -0.760203 0.342100
vn 0.893673 -0.290372 0.342102
vn 0.893672 -0.290372 0.342101
vn 0.893672 -0.290372 0.342101
vn 0.893672 -0.290372 0.342101
vn 0.893673 0.290372 0.342101
vn 0.893673 0.290372 0.342101
vn 0.893673 0.290372 0.342101
vn 0.893673 0.290372 0.342101
vn 0.000000 0.000000 1.000000
vn 0.000000 0.000000 1.000000
vn -0.000000 0.000000 1.000000
vn 0.000000 1.000000 0.000000
vn 0.000000 1.000000 0.000000
vn 0.000000 1.000000 0.000000
vn 0.000000 1.000000 0.000000
vn 0.000000 0.000000 -1.000000
vn 0.000000 0.000000 -1.000000
vn 0.000000 0.000000 -1.000000
vn 0.000000 0.000000 -1.000000
vn 0.000000 -1.000000 0.000000
vn 0.000000 -1.000000 0.000000
vn 0.000000 -1.000000 0.000000
vn 0.000000 -1.000000 0.000000
vn 1.000000 0.000000 0.000000
vn 1.000000 0.000000 0.000000
vn 1.000000 0.000000 0.000000
vn 1.000000 0.000000 0.000000
vn -1.000000 0.000000 0.000000
vn -1.000000 0.000000 0.000000
vn -1.000000 0.000000 0.000000
vn -1.000000 0.000000 0.000000
vn -1.000000 0.000000 0.000000
vn -1.000000 0.000000 0.000000
vn -1.000000 0.000000 0.000000
vn -1.000000 0.000000 0.000000
vn 0.000000 -1.000000 0.000000
vn 0.000000 -1.000000 0.000000
vn 0.000000 -1.000000 0.000000
vn 0.000000 -1.000000 0.000000
vn 1.000000 0.000000 0.000000
vn 1.000000 0.000000 0.000000
vn 1.000000 0.000000 0.000000
vn 1.000000 0.000000 0.000000
vn 0.000000 1.000000 0.000000
vn 0.000000 1.000000 0.000000
vn 0.000000 1.000000 0.000000
vn 0.000000 1.000000 0.000000
vn -0.000000 0.000000 1.000000
vn 0.000000 0.000000 1.000000
vn -0.000001 -0.000000 -1.000000
vn 0.000000 -0.000000 -1.000000
vn 0.000000 -0.000000 -1.000000
vn -0.000001 -0.000000 -1.000000
vn 0.000000 -0.000000 -1.000000
vn -0.000001 -0.000000 -1.000000
vn -0.000001 -0.000000 -1.000000
vn 0.000000 -0.000000 -1.000000
vn -0.000000 0.000000 1.000000
vn 0.000000 0.000000 1.000000
vn 0.000000 0.000000 1.000000
vn -0.000000 0.000000 1.000000
s 1
g pCylinder5
usemtl aiStandardSurface1SG
f 407/448/523 408/449/524 437/492/525 428/483/526
s 2
f 408/449/527 409/450/528 436/491/529 437/492/530
s 3
f 409/450/531 410/451/532 435/490/533 436/491/534
s 4
f 410/451/535 411/452/536 434/489/537 435/490/538
s 5
f 411/452/539 412/453/540 433/488/541 434/489/542
s 6
f 412/453/543 413/454/544 432/487/545 433/488/546
s 7
f 413/454/547 414/455/548 431/486/549 432/487/550
s 8
f 414/455/551 415/456/552 430/485/553 431/486/554
s 9
f 415/456/555 416/457/556 429/484/557 430/485/558
s 10
f 416/457/559 407/458/560 428/482/561 429/484/562
s 11
f 408/439/563 407/438/564 427/480/565
f 409/440/566 408/439/563 427/480/565
f 410/441/567 409/440/566 427/480/565
f 411/442/568 410/441/567 427/480/565
f 412/443/569 411/442/568 427/480/565
f 413/444/570 412/443/569 427/480/565
f 414/445/571 413/444/570 427/480/565
f 415/446/572 414/445/571 427/480/565
f 416/447/573 415/446/572 427/480/565
f 407/438/564 416/447/573 427/480/565
s 12
f 458/515/574 459/516/575 460/481/576
f 459/516/575 461/517/577 460/481/576
f 461/517/577 462/518/578 460/481/576
f 462/518/578 463/519/579 460/481/576
f 463/519/579 464/520/580 460/481/576
f 464/520/580 465/521/581 460/481/576
f 465/521/581 466/522/582 460/481/576
f 466/522/582 467/523/583 460/481/576
f 467/523/583 468/524/584 460/481/576
f 468/524/584 458/515/574 460/481/576
s 10
f 429/484/562 428/482/561 438/493/585 439/495/586
s 9
f 430/485/558 429/484/557 439/495/587 440/496/588
s 8
f 431/486/554 430/485/553 440/496/589 441/497/590
s 7
f 432/487/550 431/486/549 441/497/591 442/498/592
s 6
f 433/488/546 432/487/545 442/498/593 443/499/594
s 5
f 434/489/542 433/488/541 443/499/595 444/500/596
s 4
f 435/490/538 434/489/537 444/500/597 445/501/598
s 3
f 436/491/534 435/490/533 445/501/599 446/502/600
s 2
f 437/492/530 436/491/529 446/502/601 447/503/602
s 1
f 428/483/526 437/492/525 447/503/603 438/494/604
s 10
f 439/495/586 438/493/585 448/504/605 449/506/606
s 9
f 440/496/588 439/495/587 449/506/607 450/507/608
s 8
f 441/497/590 440/496/589 450/507/609 451/508/610
s 7
f 442/498/592 441/497/591 451/508/611 452/509/612
s 6
f 443/499/594 442/498/593 452/509/613 453/510/614
s 5
f 444/500/596 443/499/595 453/510/615 454/511/616
s 4
f 445/501/598 444/500/597 454/511/617 455/512/618
s 3
f 446/502/600 445/501/599 455/512/619 456/513/620
s 2
f 447/503/602 446/502/601 456/513/621 457/514/622
s 1
f 438/494/604 447/503/603 457/514/623 448/505/624
s 10
f 449/506/606 448/504/605 417/469/625 426/468/626
s 9
f 450/507/608 449/506/607 426/468/627 425/467/628
s 8
f 451/508/610 450/507/609 425/467/629 424/466/630
s 7
f 452/509/612 451/508/611 424/466/631 423/465/632
s 6
f 453/510/614 452/509/613 423/465/633 422/464/634
s 5
f 454/511/616 453/510/615 422/464/635 421/463/636
s 4
f 455/512/618 454/511/617 421/463/637 420/462/638
s 3
f 456/513/620 455/512/619 420/462/639 419/461/640
s 2
f 457/514/622 456/513/621 419/461/641 418/460/642
s 1
f 448/505/624 457/514/623 418/460/643 417/459/644
s off
f 417/478/645 418/477/646 459/516/647 458/515/648
f 418/477/649 419/476/650 461/517/651 459/516/652
f 419/476/653 420/475/654 462/518/655 461/517/656
f 420/475/657 421/474/658 463/519/659 462/518/660
f 421/474/661 422/473/662 464/520/663 463/519/664
f 422/473/665 423/472/666 465/521/667 464/520/668
f 423/472/669 424/471/670 466/522/671 465/521/672
f 424/471/673 425/470/674 467/523/675 466/522/676
f 425/470/677 426/479/678 468/524/679 467/523/680
f 426/479/681 417/478/682 458/515/683 468/524/684
s 13
f 471/525/685 489/526/686 472/527/687
s off
f 481/528/688 482/529/689 483/530/690 484/531/691
f 473/532/692 474/533/693 476/534/694 475/535/695
f 485/536/696 486/537/697 487/538/698 488/539/699
f 487/540/700 486/541/701 483/542/702 482/529/703
f 484/543/704 485/544/705 488/545/706 481/528/707
f 475/546/708 478/547/709 477/548/710 473/549/711
f 475/535/712 476/534/713 479/550/714 478/551/715
f 480/552/716 479/553/717 476/554/718 474/555/719
f 477/556/720 480/557/721 474/533/722 473/532/723
s 13
f 471/525/685 472/527/687 482/529/724 481/528/725
s 14
f 480/557/726 477/556/727 484/531/728 483/530/729
f 478/551/730 479/550/731 486/537/732 485/536/733
s 13
f 470/558/734 469/559/735 488/539/736 487/538/737
s 14
f 479/553/731 480/552/726 483/542/729 486/541/732
s 13
f 472/527/687 470/560/734 487/540/737 482/529/724
s 14
f 477/548/727 478/547/730 485/544/733 484/543/728
s 13
f 469/561/735 471/525/685 481/528/725 488/545/736
f 469/561/735 470/560/734 489/526/686
f 489/526/686 470/560/734 472/527/687
f 469/561/735 489/526/686 471/525/685
g default
v -2.000000 -0.500000 0.500000
v -2.000000 0.500000 0.500000
v -2.000000 0.500000 -0.500000
v -2.000000 -0.500000 -0.500000
v -1.135958 -0.500000 0.500000
v -1.132111 0.500000 0.500000
v -1.132111 0.500000 -0.500000
v -1.128445 -0.500000 -0.500000
v -2.000000 0.400000 0.500000
v -2.000000 0.400000 -0.500000
v -1.128445 0.400000 -0.500000
v -1.135958 0.400000 0.500000
v -1.137574 0.400000 0.582390
v -1.137574 0.500000 0.582390
v -2.000000 0.400000 0.582390
v -2.000000 0.500000 0.582390
v -0.516024 -0.500000 -0.139423
v -0.516024 0.400000 -0.139423
v 0.000000 -0.500000 -0.139423
v 0.000000 -0.500000 -0.500000
v 0.000000 0.400000 -0.139423
v 0.000000 0.500000 0.500000
v 0.000000 0.500000 -0.500000
v 0.000000 0.400000 -0.500000
v 0.000000 0.400000 0.500000
v 0.000000 0.400000 0.582390
v 0.000000 0.500000 0.582390
v 2.000000 -0.500000 0.500000
v 2.000000 0.500000 0.500000
v 2.000000 0.500000 -0.500000
v 2.000000 -0.500000 -0.500000
v 1.135958 -0.500000 0.500000
v 1.132111 0.500000 0.500000
v 1.132111 0.500000 -0.500000
v 1.128445 -0.500000 -0.500000
v 2.000000 0.400000 0.500000
v 2.000000 0.400000 -0.500000
v 1.128445 0.400000 -0.500000
v 1.135958 0.400000 0.500000
v 1.137574 0.400000 0.582390
v 1.137574 0.500000 0.582390
v 2.000000 0.400000 0.582390
v 2.000000 0.500000 0.582390
v 0.516024 -0.500000 -0.139423
v 0.516024 0.400000 -0.139423
v -2.000000 -0.050000 0.500000
v -2.000000 -0.050000 -0.500000
v -1.128445 -0.050000 -0.500000
v 0.000000 -0.050000 -0.500000
v 1.128445 -0.050000 -0.500000
v 2.000000 -0.050000 -0.500000
v 2.000000 -0.050000 0.500000
v 1.135958 -0.050000 0.500000
v 0.516024 -0.050000 -0.139423
v 0.000000 -0.050000 -0.139423
v -0.516024 -0.050000 -0.139423
v -1.135958 -0.050000 0.500000
v 1.964530 -0.463054 0.500000
v 1.964530 -0.050000 0.500000
v 1.171427 -0.050000 0.500000
v 1.171427 -0.463054 0.500000
v 1.964530 0.363054 0.500000
v 1.171427 0.363054 0.500000
v 1.964530 -0.463054 -0.349156
v 1.964530 -0.050000 -0.349156
v 1.171427 -0.050000 -0.349156
v 1.171427 -0.463054 -0.349156
v 1.964530 0.363054 -0.349156
v 1.171427 0.363054 -0.349156
v -2.000000 -0.500000 0.500000
v -1.135958 -0.500000 0.500000
v -1.135958 -0.050000 0.500000
v -2.000000 -0.050000 0.500000
v -1.135958 0.400000 0.500000
v -2.000000 0.400000 0.500000
v -1.980000 -0.480000 0.500000
v -1.155958 -0.480000 0.500000
v -1.155958 -0.070000 0.500000
v -1.980000 -0.070000 0.500000
v -1.155958 -0.030000 0.500000
v -1.980000 -0.030000 0.500000
v -1.155958 0.380000 0.500000
v -1.980000 0.380000 0.500000
v -1.980000 -0.480000 -0.096824
v -1.155958 -0.480000 -0.096824
v -1.155958 -0.070000 -0.096824
v -1.980000 -0.070000 -0.096824
v -1.155958 -0.030000 -0.096824
v -1.980000 -0.030000 -0.096824
v -1.155958 0.380000 -0.096824
v -1.980000 0.380000 -0.096824
v -1.567979 -0.275000 -0.096824
v -1.567979 0.175000 -0.096824
vt 0.125000 0.000000
vt 0.125000 0.250000
vt 0.437506 0.000000
vt 0.375000 0.000000
vt 0.437506 0.250000
vt 0.375000 0.250000
vt 0.437506 0.500000
vt 0.375000 0.500000
vt 0.437506 0.750000
vt 0.375000 0.750000
vt 0.437506 1.000000
vt 0.375000 1.000000
vt 0.375000 0.225000
vt 0.125000 0.225000
vt 0.375000 0.525000
vt 0.437506 0.525000
vt 0.437506 0.225000
vt 0.437506 0.225000
vt 0.437506 0.250000
vt 0.375000 0.225000
vt 0.375000 0.250000
vt 0.437506 0.000000
vt 0.437506 0.225000
vt -0.705256 -0.500000
vt -0.705256 -0.500000
vt -0.705256 0.400000
vt -0.705256 0.400000
vt 0.000000 0.000000
vt 0.000000 0.000000
vt 0.437506 0.840144
vt 0.000000 0.000000
vt 0.500000 0.000000
vt 0.000000 0.000000
vt 0.514423 0.750000
vt 0.500000 0.225000
vt 0.000000 0.400000
vt 0.514518 0.250000
vt 0.514518 0.500000
vt 0.514423 0.525000
vt 0.000000 0.400000
vt 0.500000 0.225000
vt 0.514661 0.225000
vt 0.514661 0.250000
vt 0.125000 0.000000
vt 0.375000 0.000000
vt 0.375000 0.225000
vt 0.125000 0.225000
vt 0.437506 0.000000
vt 0.500000 0.000000
vt 0.500000 0.225000
vt 0.437506 0.225000
vt 0.437506 0.250000
vt 0.514518 0.250000
vt 0.514518 0.500000
vt 0.437506 0.500000
vt 0.437506 0.525000
vt 0.514423 0.525000
vt 0.514423 0.750000
vt 0.437506 0.750000
vt 0.437506 0.000000
vt 0.437506 0.225000
vt 0.375000 0.500000
vt 0.375000 0.250000
vt 0.375000 0.750000
vt 0.375000 0.525000
vt 0.125000 0.250000
vt 0.437506 0.225000
vt 0.514661 0.225000
vt 0.514661 0.250000
vt 0.437506 0.250000
vt 0.375000 0.250000
vt 0.375000 0.225000
vt 0.500000 0.225000
vt -0.705256 0.400000
vt -0.705256 -0.500000
vt -0.705256 -0.500000
vt -0.705256 0.400000
vt 0.437506 0.840144
vt 0.437506 1.000000
vt 0.375000 1.000000
vt 0.000000 0.000000
vt 0.000000 0.000000
vt 0.000000 0.000000
vt 0.000000 0.000000
vt 0.000000 0.400000
vt 0.000000 0.400000
vt 0.375000 0.112500
vt 0.125000 0.112500
vt 0.375000 0.637500
vt 0.437506 0.637500
vt 0.514423 0.637500
vt 0.514423 0.637500
vt 0.437506 0.637500
vt 0.375000 0.637500
vt 0.125000 0.112500
vt 0.375000 0.112500
vt -0.705256 -0.050000
vt 0.437506 0.112500
vt -0.705256 -0.050000
vt 0.437506 0.112500
vt 0.500000 0.112500
vt 0.500000 0.112500
vt 0.437506 0.112500
vt -0.705256 -0.050000
vt 0.437506 0.112500
vt -0.705256 -0.050000
vt 0.375000 0.000000
vt 0.375000 0.112500
vt 0.437506 0.112500
vt 0.437506 0.000000
vt 0.375000 0.225000
vt 0.437506 0.225000
vt 0.375000 0.000000
vt 0.375000 0.112500
vt 0.437506 0.112500
vt 0.437506 0.000000
vt 0.375000 0.225000
vt 0.437506 0.225000
vt 0.375000 0.000000
vt 0.437506 0.000000
vt 0.437506 0.112500
vt 0.375000 0.112500
vt 0.437506 0.225000
vt 0.375000 0.225000
vt 0.375000 0.000000
vt 0.437506 0.000000
vt 0.437506 0.112500
vt 0.375000 0.112500
vt 0.375000 0.112500
vt 0.437506 0.112500
vt 0.437506 0.225000
vt 0.375000 0.225000
vt 0.375000 0.000000
vt 0.437506 0.000000
vt 0.437506 0.112500
vt 0.375000 0.112500
vt 0.437506 0.225000
vt 0.375000 0.225000
vt 0.406253 0.056250
vt 0.406253 0.168750
vn -1.000000 0.000000 0.000000
vn -1.000000 0.000000 0.000000
vn -1.000000 0.000000 0.000000
vn -1.000000 0.000000 0.000000
vn 0.000000 0.000000 1.000000
vn 0.000000 0.000000 1.000000
vn 0.000000 0.000000 1.000000
vn 0.000000 0.000000 1.000000
vn 0.000000 1.000000 0.000000
vn 0.000000 1.000000 0.000000
vn 0.000000 1.000000 0.000000
vn 0.000000 1.000000 0.000000
vn 0.000000 0.000000 -1.000000
vn 0.000000 0.000000 -1.000000
vn 0.000000 0.000000 -1.000000
vn 0.000000 0.000000 -1.000000
vn 0.000000 0.000000 1.000000
vn 0.000000 0.000000 1.000000
vn -0.000000 0.000000 1.000000
vn 0.000000 1.000000 0.000000
vn 0.000000 1.000000 0.000000
vn 0.000000 0.000000 -1.000000
vn 0.000000 0.000000 -1.000000
vn -1.000000 0.000000 0.000000
vn -1.000000 0.000000 0.000000
vn -1.000000 0.000000 0.000000
vn -1.000000 0.000000 0.000000
vn 0.000000 0.000000 -1.000000
vn 0.000000 0.000000 -1.000000
vn 0.000000 0.000000 -1.000000
vn 0.000000 0.000000 -1.000000
vn 0.000000 0.000000 -1.000000
vn 0.000000 0.000000 -1.000000
vn -0.000000 -0.000000 1.000000
vn 0.000000 -0.000000 1.000000
vn 0.000000 -0.000000 1.000000
vn -0.000000 -0.000000 1.000000
vn 0.000000 0.000000 1.000000
vn 0.000000 0.000000 1.000000
vn 0.000000 -1.000000 0.000000
vn 0.000000 -1.000000 0.000000
vn 0.000000 -1.000000 0.000000
vn 0.000000 -1.000000 0.000000
vn 0.000000 -1.000000 0.000000
vn 0.000000 -1.000000 0.000000
vn 0.000000 -1.000000 0.000000
vn 0.000000 -1.000000 0.000000
vn 0.000000 1.000000 0.000000
vn 0.000000 1.000000 0.000000
vn 0.000000 1.000000 0.000000
vn 0.000000 1.000000 0.000000
vn -1.000000 0.000000 0.000000
vn -1.000000 0.000000 0.000000
vn -1.000000 0.000000 0.000000
vn -1.000000 0.000000 0.000000
vn 0.717963 0.000000 0.696081
vn 0.717963 0.000000 0.696081
vn 0.717963 0.000000 0.696081
vn 0.717963 0.000000 0.696081
vn 0.000000 -1.000000 0.000000
vn 0.000000 -1.000000 0.000000
vn 0.000000 -1.000000 0.000000
vn 0.000000 -1.000000 0.000000
vn 0.000000 -1.000000 0.000000
vn 0.000000 -1.000000 0.000000
vn 0.000000 -1.000000 0.000000
vn 0.000000 -1.000000 0.000000
vn 0.000000 -1.000000 0.000000
vn 0.000000 -1.000000 -0.000000
vn 0.000000 -1.000000 -0.000000
vn 0.000000 -1.000000 -0.000000
vn 0.000000 -1.000000 -0.000000
vn 0.000000 1.000000 0.000000
vn 0.000000 1.000000 0.000000
vn 0.000000 1.000000 0.000000
vn 0.000000 1.000000 0.000000
vn 1.000000 0.000000 0.000000
vn 1.000000 0.000000 0.000000
vn 1.000000 0.000000 0.000000
vn 1.000000 0.000000 0.000000
vn 0.000000 0.000000 1.000000
vn 0.000000 0.000000 1.000000
vn 0.000000 1.000000 0.000000
vn 0.000000 1.000000 0.000000
vn 0.000000 0.000000 -1.000000
vn 0.000000 0.000000 -1.000000
vn 0.000000 0.000000 1.000000
vn 0.000000 0.000000 1.000000
vn 0.000000 0.000000 1.000000
vn 0.000000 0.000000 1.000000
vn 0.000000 1.000000 0.000000
vn 0.000000 1.000000 0.000000
vn 0.000000 0.000000 -1.000000
vn 0.000000 0.000000 -1.000000
vn 1.000000 0.000000 0.000000
vn 1.000000 0.000000 0.000000
vn 1.000000 0.000000 0.000000
vn 1.000000 0.000000 0.000000
vn 0.000000 0.000000 -1.000000
vn 0.000000 0.000000 -1.000000
vn 0.000000 0.000000 -1.000000
vn 0.000000 0.000000 -1.000000
vn 0.000000 -0.000000 1.000000
vn 0.000000 -0.000000 1.000000
vn 0.000000 0.000000 1.000000
vn 0.000000 0.000000 1.000000
vn 0.000000 -1.000000 0.000000
vn 0.000000 -1.000000 0.000000
vn 0.000000 -1.000000 -0.000000
vn 0.000000 -1.000000 -0.000000
vn 0.000000 -1.000000 -0.000000
vn 0.000000 -1.000000 -0.000000
vn 0.000000 1.000000 0.000000
vn 0.000000 1.000000 0.000000
vn 0.000000 1.000000 0.000000
vn 0.000000 1.000000 0.000000
vn 1.000000 0.000000 0.000000
vn 1.000000 0.000000 0.000000
vn 1.000000 0.000000 0.000000
vn 1.000000 0.000000 0.000000
vn -0.717963 0.000000 0.696081
vn -0.717963 0.000000 0.696081
vn -0.717963 0.000000 0.696081
vn -0.717963 0.000000 0.696081
vn 0.000000 -1.000000 0.000000
vn 0.000000 -1.000000 0.000000
vn 0.000000 -1.000000 0.000000
vn 0.000000 -1.000000 0.000000
vn 0.000000 -1.000000 0.000000
vn 0.000000 -1.000000 0.000000
vn 0.000000 -1.000000 0.000000
vn 0.000000 -1.000000 -0.000000
vn 0.000000 -1.000000 -0.000000
vn 0.000000 1.000000 0.000000
vn 0.000000 1.000000 0.000000
vn 0.000000 0.000000 1.000000
vn 0.000000 0.000000 1.000000
vn -0.717963 0.000000 0.696081
vn -0.717963 0.000000 0.696081
vn 0.000000 0.000000 1.000000
vn 0.000000 0.000000 1.000000
vn 0.000000 0.000000 1.000000
vn 0.717963 0.000000 0.696081
vn 0.717963 0.000000 0.696081
vn 0.000000 0.000000 1.000000
vn 0.000000 0.000000 1.000000
vn -0.000000 0.000000 1.000000
vn 0.000000 0.000000 1.000000
vn 0.000000 0.000000 1.000000
vn 0.000000 0.000000 1.000000
vn 0.000000 0.000000 1.000000
vn 0.000000 0.000000 1.000000
vn 0.000000 0.000000 1.000000
vn 0.000000 0.000000 1.000000
vn 0.000000 0.000000 1.000000
vn 0.000000 0.000000 1.000000
vn 0.000000 0.000000 1.000000
vn 0.000000 0.000000 1.000000
vn 0.000000 0.000000 1.000000
vn 0.000000 0.000000 1.000000
vn 0.000000 0.000000 1.000000
vn 0.000000 0.000000 1.000000
vn 0.000000 0.000000 1.000000
vn 0.000000 0.000000 1.000000
vn 0.000000 0.000000 1.000000
vn 0.000000 0.000000 1.000000
vn 0.000000 0.000000 1.000000
vn 0.000000 0.000000 1.000000
vn 0.000000 0.000000 1.000000
vn 0.000000 0.000000 1.000000
vn 0.000000 0.000000 1.000000
vn -1.000000 0.000000 0.000000
vn -1.000000 0.000000 0.000000
vn -1.000000 0.000000 0.000000
vn -1.000000 0.000000 0.000000
vn 1.000000 0.000000 0.000000
vn 1.000000 0.000000 0.000000
vn 1.000000 0.000000 0.000000
vn 1.000000 0.000000 0.000000
vn 0.000000 1.000000 0.000000
vn 0.000000 1.000000 0.000000
vn 0.000000 1.000000 0.000000
vn 0.000000 1.000000 0.000000
vn -1.000000 0.000000 0.000000
vn -1.000000 0.000000 0.000000
vn -1.000000 0.000000 0.000000
vn -1.000000 0.000000 0.000000
vn 0.000000 -1.000000 0.000000
vn 0.000000 -1.000000 0.000000
vn 0.000000 -1.000000 0.000000
vn 0.000000 -1.000000 0.000000
vn 1.000000 0.000000 0.000000
vn 1.000000 0.000000 0.000000
vn 1.000000 0.000000 0.000000
vn 1.000000 0.000000 0.000000
vn 0.000000 0.000000 0.000000
vn 0.000000 0.000000 0.000000
vn 0.000000 0.000000 0.000000
vn 0.000000 0.000000 0.000000
vn 0.000000 0.000000 0.000000
vn 0.000000 0.000000 0.000000
vn 0.000000 0.000000 0.000000
vn 0.000000 0.000000 0.000000
vn 0.000000 0.000000 0.000000
vn 0.000000 0.000000 0.000000
vn 0.000000 0.000000 0.000000
vn 0.000000 0.000000 0.000000
vn 0.000000 0.000000 0.000000
vn 0.000000 0.000000 0.000000
vn 0.000000 0.000000 0.000000
vn 0.000000 0.000000 0.000000
vn 0.000000 0.000000 0.000000
vn 0.000000 0.000000 0.000000
vn 0.000000 0.000000 0.000000
vn 0.000000 0.000000 0.000000
vn 0.000000 0.000000 0.000000
vn 0.000000 0.000000 0.000000
vn 0.000000 0.000000 0.000000
vn 0.000000 0.000000 0.000000
vn 0.000000 0.000000 1.000000
vn -0.000000 0.000000 1.000000
vn -0.000001 0.000000 1.000000
vn 0.000000 0.000000 1.000000
vn -0.000000 0.000000 1.000000
vn -0.000001 0.000000 1.000000
vn 0.000000 0.000000 1.000000
vn 0.000000 0.000000 1.000000
vn -0.000000 0.000000 1.000000
vn 0.000000 0.000000 1.000000
vn -0.000000 0.000000 1.000000
vn -0.000000 0.000000 1.000000
vn 0.000000 0.000000 1.000000
vn 0.000000 0.000000 1.000000
vn 0.000000 1.000000 0.000000
vn 0.000000 1.000000 0.000000
vn 0.000000 1.000000 0.000000
vn 0.000000 1.000000 0.000000
vn -1.000000 0.000000 0.000000
vn -1.000000 0.000000 0.000000
vn -1.000000 0.000000 0.000000
vn -1.000000 0.000000 0.000000
vn 0.000000 -1.000000 0.000000
vn 0.000000 -1.000000 0.000000
vn 0.000000 -1.000000 0.000000
vn 0.000000 -1.000000 0.000000
vn 1.000000 0.000000 0.000000
vn 1.000000 0.000000 0.000000
vn 1.000000 0.000000 0.000000
vn 1.000000 0.000000 0.000000
vn 0.000000 1.000000 0.000000
vn 0.000000 1.000000 0.000000
vn 0.000000 1.000000 0.000000
vn 0.000000 1.000000 0.000000
vn -1.000000 0.000000 0.000000
vn -1.000000 0.000000 0.000000
vn -1.000000 0.000000 0.000000
vn -1.000000 0.000000 0.000000
vn 0.000000 -1.000000 0.000000
vn 0.000000 -1.000000 0.000000
vn 0.000000 -1.000000 0.000000
vn 0.000000 -1.000000 0.000000
vn 1.000000 0.000000 0.000000
vn 1.000000 0.000000 0.000000
vn 1.000000 0.000000 0.000000
vn 1.000000 0.000000 0.000000
vn 0.000000 -0.000000 1.000000
vn -0.000000 -0.000000 1.000000
vn 0.000000 -0.000000 1.000000
vn -0.000000 -0.000000 1.000000
s 1
g pCube1
usemtl aiStandardSurface1SG
f 493/562/738 490/565/739 535/648/740 536/649/741
s 2
f 506/583/742 508/593/743 544/662/744 545/664/745
s 3
f 495/566/746 511/598/747 512/599/748 496/568/749
s 4
f 537/651/750 538/652/751 509/595/752 497/570/753
s 5
f 576/697/754 581/700/755 575/696/756
s 3
f 495/566/746 496/568/749 492/569/757 491/567/758
s 4
f 536/650/759 537/651/750 497/570/753 493/571/760
s 1
f 499/575/761 498/574/762 491/567/763 492/563/764
s 4
f 496/568/765 500/577/766 499/576/767 492/569/768
f 496/568/765 512/599/769 513/600/770 500/577/766
s 7
f 502/579/771 515/603/772 516/604/773 503/580/774
f 502/579/771 503/580/774 505/582/775 504/581/776
s 8
f 501/578/777 514/602/778 515/603/779 502/579/780
s off
f 501/578/781 502/579/782 504/581/783 498/574/784
f 503/580/785 495/566/786 491/567/787 505/582/788
f 491/567/789 498/574/790 504/581/791 505/582/792
s 9
f 545/665/793 546/667/794 494/585/795 506/586/796
s 10
f 497/570/797 506/591/798 494/572/799
f 497/570/797 494/572/799 490/573/800 493/571/801
s 11
f 509/594/802 508/592/803 506/589/804 497/590/805
s 12
f 510/597/806 514/601/807 501/587/808 507/588/809
s 13
f 516/604/810 511/598/811 495/566/812 503/580/813
s 14
f 520/605/814 540/656/815 541/657/816 517/606/817
s 2
f 533/609/818 543/661/819 544/663/744 508/610/743
s 3
f 522/613/820 523/616/821 512/615/748 511/614/747
s 4
f 538/653/751 539/654/822 524/620/823 509/619/752
s 15
f 553/674/824 554/675/825 555/676/826 556/677/827
s 3
f 522/613/820 518/624/828 519/623/829 523/616/821
s 4
f 539/654/822 540/655/830 520/625/831 524/620/823
s 14
f 526/608/832 519/627/833 518/624/834 525/607/835
s 4
f 523/616/836 519/623/837 526/626/838 527/617/839
f 523/616/836 527/617/839 513/618/770 512/615/769
s 7
f 529/628/840 530/631/841 516/630/773 515/629/772
f 529/628/840 531/633/842 532/632/843 530/631/841
s 8
f 528/622/844 529/628/845 515/629/779 514/634/778
s off
f 528/622/846 525/607/847 531/633/848 529/628/849
f 530/631/850 532/632/851 518/624/852 522/613/853
f 518/624/854 532/632/855 531/633/856 525/607/857
s 16
f 542/658/858 543/660/859 533/637/860 521/636/861
s 17
f 524/620/862 521/640/863 533/639/864
f 524/620/862 520/625/865 517/641/866 521/640/863
s 11
f 509/642/802 524/645/867 533/644/868 508/643/803
s 12
f 510/646/806 534/638/869 528/635/870 514/647/807
s 13
f 516/630/810 530/631/871 522/613/872 511/614/811
s 1
f 536/649/741 535/648/740 498/574/762 499/575/761
s 4
f 500/577/766 537/651/750 536/650/759 499/576/767
f 500/577/766 513/600/770 538/652/751 537/651/750
f 527/617/839 539/654/822 538/653/751 513/618/770
f 527/617/839 526/626/838 540/655/830 539/654/822
s 14
f 541/657/816 540/656/815 526/608/832 525/607/835
s 15
f 555/676/826 554/675/825 557/678/873 558/679/874
s 16
f 528/635/875 534/638/876 543/660/859 542/658/858
s 2
f 544/663/744 543/661/819 534/612/877 510/611/878
f 545/664/745 544/662/744 510/596/878 507/584/879
s 9
f 501/587/880 546/667/794 545/665/793 507/588/881
s 18
f 580/699/882 582/701/883 579/698/884
s off
f 517/606/885 541/657/886 548/669/887 547/668/888
f 542/659/889 521/621/890 550/671/891 549/670/892
f 521/621/893 517/606/894 547/668/895 550/671/896
f 541/657/897 525/607/898 551/672/899 548/669/900
f 525/607/901 528/622/902 552/673/903 551/672/904
f 528/622/905 542/659/906 549/670/907 552/673/908
f 547/668/909 548/669/910 554/675/911 553/674/912
f 549/670/913 550/671/914 556/677/915 555/676/916
f 550/671/917 547/668/918 553/674/919 556/677/920
f 548/669/921 551/672/922 557/678/923 554/675/924
f 551/672/925 552/673/926 558/679/927 557/678/928
f 552/673/929 549/670/930 555/676/931 558/679/932
f 490/565/933 494/564/934 560/681/935 559/680/936
f 494/564/937 546/666/938 561/682/939 560/681/940
f 535/648/941 490/565/942 559/680/943 562/683/944
f 546/666/945 501/578/946 563/684/947 561/682/948
f 501/578/949 498/574/950 564/685/951 563/684/952
f 498/574/953 535/648/954 562/683/955 564/685/956
s 19
f 559/680/957 560/681/958 566/687/959 565/686/960
f 560/681/958 561/682/961 567/688/962 566/687/959
f 561/682/961 562/683/963 568/689/964 567/688/962
f 562/683/963 559/680/957 565/686/960 568/689/964
f 562/683/963 561/682/961 569/691/965 570/690/966
f 561/682/961 563/684/967 571/692/968 569/691/965
f 563/684/967 564/685/969 572/693/970 571/692/968
f 564/685/969 562/683/963 570/690/966 572/693/970
s off
f 565/680/971 566/681/972 574/695/973 573/694/974
f 566/681/975 567/691/976 575/696/977 574/695/978
f 567/691/979 568/690/980 576/697/981 575/696/982
f 568/690/983 565/680/984 573/694/985 576/697/986
f 570/690/987 569/691/988 577/696/989 578/697/990
f 569/691/991 571/692/992 579/698/993 577/696/994
f 571/692/995 572/693/996 580/699/997 579/698/998
f 572/693/999 570/690/1000 578/697/1001 580/699/1002
s 5
f 573/694/1003 574/695/1004 581/700/755
f 581/700/755 574/695/1004 575/696/756
f 573/694/1003 581/700/755 576/697/754
s 18
f 578/697/1005 577/696/1006 582/701/883
f 582/701/883 577/696/1006 579/698/884
f 578/697/1005 582/701/883 580/699/882
g default
v -1.542598 0.193440 0.526011
v -1.558284 0.204836 0.526011
v -1.577673 0.204836 0.526011
v -1.593359 0.193440 0.526011
v -1.599351 0.175000 0.526011
v -1.593359 0.156560 0.526011
v -1.577673 0.145164 0.526011
v -1.558284 0.145164 0.526011
v -1.542598 0.156560 0.526011
v -1.536607 0.175000 0.526011
v -1.538643 0.196313 0.572347
v -1.556774 0.209486 0.572347
v -1.579184 0.209486 0.572347
v -1.597314 0.196313 0.572347
v -1.604239 0.175000 0.572347
v -1.597314 0.153687 0.572347
v -1.579184 0.140514 0.572347
v -1.556774 0.140514 0.572347
v -1.538643 0.153687 0.572347
v -1.531718 0.175000 0.572347
v -1.567979 0.175000 0.526011
v -1.546597 0.190535 0.538507
v -1.541549 0.175000 0.538507
v -1.546597 0.159465 0.538507
v -1.559812 0.149864 0.538507
v -1.576146 0.149864 0.538507
v -1.589361 0.159465 0.538507
v -1.594408 0.175000 0.538507
v -1.589361 0.190535 0.538507
v -1.576146 0.200136 0.538507
v -1.559812 0.200136 0.538507
v -1.546597 0.190535 0.548266
v -1.541549 0.175000 0.548266
v -1.546597 0.159465 0.548266
v -1.559812 0.149864 0.548266
v -1.576146 0.149864 0.548266
v -1.589361 0.159465 0.548266
v -1.594408 0.175000 0.548266
v -1.589361 0.190535 0.548266
v -1.576146 0.200136 0.548266
v -1.559812 0.200136 0.548266
v -1.542598 0.193440 0.560763
v -1.536607 0.175000 0.560763
v -1.542598 0.156560 0.560763
v -1.558284 0.145164 0.560763
v -1.577673 0.145164 0.560763
v -1.593359 0.156560 0.560763
v -1.599351 0.175000 0.560763
v -1.593359 0.193440 0.560763
v -1.577673 0.204836 0.560763
v -1.558284 0.204836 0.560763
v -1.542631 0.193416 0.585223
v -1.558297 0.204798 0.585223
v -1.567979 0.175000 0.585223
v -1.577661 0.204798 0.585223
v -1.593326 0.193416 0.585223
v -1.599310 0.175000 0.585223
v -1.593326 0.156584 0.585223
v -1.577661 0.145202 0.585223
v -1.558297 0.145202 0.585223
v -1.542631 0.156584 0.585223
v -1.536647 0.175000 0.585223
v -1.974596 -0.023946 0.526011
v -1.161361 -0.023946 0.526011
v -1.974596 0.373946 0.526011
v -1.161361 0.373946 0.526011
v -1.974596 0.373946 -0.354067
v -1.161361 0.373946 -0.354067
v -1.974596 -0.023946 -0.354067
v -1.161361 -0.023946 -0.354067
v -1.974596 0.373946 0.503797
v -1.974596 -0.023946 0.503797
v -1.161361 -0.023946 0.503797
v -1.161361 0.373946 0.503797
v -1.994596 0.393946 0.526011
v -1.141361 0.393946 0.526011
v -1.141361 0.393946 0.503797
v -1.994596 0.393946 0.503797
v -1.994596 -0.043946 0.503797
v -1.141361 -0.043946 0.503797
v -1.141361 -0.043946 0.526011
v -1.994596 -0.043946 0.526011
v -1.567979 0.175000 0.526011
v -1.567979 0.175000 -0.354067
vt 0.626409 0.064409
vt 0.548284 0.007647
vt 0.451716 0.007647
vt 0.373591 0.064409
vt 0.343750 0.156250
vt 0.373591 0.248091
vt 0.451716 0.304853
vt 0.548284 0.304853
vt 0.626409 0.248091
vt 0.656250 0.156250
vt 0.375000 0.312500
vt 0.400000 0.312500
vt 0.425000 0.312500
vt 0.450000 0.312500
vt 0.475000 0.312500
vt 0.500000 0.312500
vt 0.525000 0.312500
vt 0.550000 0.312500
vt 0.575000 0.312500
vt 0.600000 0.312500
vt 0.625000 0.312500
vt 0.375000 0.687500
vt 0.400000 0.687500
vt 0.425000 0.687500
vt 0.450000 0.687500
vt 0.475000 0.687500
vt 0.500000 0.687500
vt 0.525000 0.687500
vt 0.550000 0.687500
vt 0.575000 0.687500
vt 0.600000 0.687500
vt 0.625000 0.687500
vt 0.626409 0.751909
vt 0.548284 0.695147
vt 0.451716 0.695147
vt 0.373591 0.751909
vt 0.343750 0.843750
vt 0.373591 0.935591
vt 0.451716 0.992353
vt 0.548284 0.992353
vt 0.626409 0.935591
vt 0.656250 0.843750
vt 0.500000 0.156250
vt 0.500000 0.843750
vt 0.625000 0.406250
vt 0.375000 0.406250
vt 0.600000 0.406250
vt 0.575000 0.406250
vt 0.550000 0.406250
vt 0.525000 0.406250
vt 0.500000 0.406250
vt 0.475000 0.406250
vt 0.450000 0.406250
vt 0.425000 0.406250
vt 0.400000 0.406250
vt 0.625000 0.500000
vt 0.375000 0.500000
vt 0.600000 0.500000
vt 0.575000 0.500000
vt 0.550000 0.500000
vt 0.525000 0.500000
vt 0.500000 0.500000
vt 0.475000 0.500000
vt 0.450000 0.500000
vt 0.425000 0.500000
vt 0.400000 0.500000
vt 0.625000 0.593750
vt 0.375000 0.593750
vt 0.600000 0.593750
vt 0.575000 0.593750
vt 0.550000 0.593750
vt 0.525000 0.593750
vt 0.500000 0.593750
vt 0.475000 0.593750
vt 0.450000 0.593750
vt 0.425000 0.593750
vt 0.400000 0.593750
vt 0.626409 0.935591
vt 0.548284 0.992353
vt 0.451716 0.992353
vt 0.373591 0.935591
vt 0.343750 0.843750
vt 0.373591 0.751909
vt 0.451716 0.695147
vt 0.548284 0.695147
vt 0.626409 0.751909
vt 0.656250 0.843750
vt 0.375000 0.250000
vt 0.500000 0.125000
vt 0.625000 0.250000
vt 0.375000 0.250000
vt 0.625000 0.250000
vt 0.625000 0.256310
vt 0.375000 0.256310
vt 0.375000 0.750000
vt 0.500000 0.625000
vt 0.625000 0.750000
vt 0.375000 0.993690
vt 0.625000 0.993690
vt 0.625000 1.000000
vt 0.375000 1.000000
vt 0.625000 0.000000
vt 0.631310 0.000000
vt 0.631310 0.250000
vt 0.368690 0.250000
vt 0.368690 0.000000
vt 0.375000 0.000000
vt 0.125000 0.000000
vt 0.368690 0.000000
vt 0.368690 0.250000
vt 0.125000 0.250000
vt 0.625000 0.993690
vt 0.375000 0.993690
vt 0.631310 0.250000
vt 0.631310 0.000000
vt 0.875000 0.000000
vt 0.875000 0.250000
vt 0.375000 0.256310
vt 0.625000 0.256310
vt 0.625000 0.500000
vt 0.375000 0.500000
vt 0.625000 1.000000
vt 0.375000 1.000000
vt 0.625000 0.000000
vt 0.375000 0.000000
vn 0.550151 0.757220 0.352068
vn 0.550151 0.757220 0.352068
vn 0.573351 0.789150 0.220252
vn 0.573351 0.789150 0.220252
vn 0.000000 0.935976 0.352064
vn 0.000000 0.935976 0.352064
vn 0.000000 0.975443 0.220250
vn 0.000000 0.975443 0.220250
vn -0.550151 0.757221 0.352066
vn -0.550151 0.757221 0.352066
vn -0.573351 0.789151 0.220251
vn -0.573351 0.789151 0.220251
vn -0.890166 0.289229 0.352066
vn -0.890166 0.289229 0.352066
vn -0.927702 0.301427 0.220251
vn -0.927702 0.301427 0.220251
vn -0.890166 -0.289229 0.352066
vn -0.890166 -0.289229 0.352066
vn -0.927702 -0.301427 0.220250
vn -0.927702 -0.301427 0.220250
vn -0.550152 -0.757220 0.352066
vn -0.550152 -0.757220 0.352067
vn -0.573351 -0.789150 0.220251
vn -0.573351 -0.789150 0.220251
vn 0.000000 -0.935976 0.352065
vn 0.000000 -0.935976 0.352065
vn 0.000000 -0.975443 0.220250
vn 0.000000 -0.975443 0.220250
vn 0.550151 -0.757221 0.352067
vn 0.550151 -0.757221 0.352067
vn 0.573351 -0.789151 0.220251
vn 0.573351 -0.789150 0.220251
vn 0.890166 -0.289229 0.352066
vn 0.890166 -0.289229 0.352066
vn 0.927702 -0.301427 0.220251
vn 0.927702 -0.301427 0.220251
vn 0.890167 0.289228 0.352064
vn 0.890167 0.289228 0.352064
vn 0.927703 0.301427 0.220250
vn 0.927703 0.301427 0.220250
vn 0.000000 0.000000 -1.000000
vn 0.000000 0.000000 -1.000000
vn -0.000001 0.000000 -1.000000
vn -0.000002 0.000000 -1.000000
vn -0.000002 0.000000 -1.000000
vn 0.000000 0.000000 -1.000000
vn -0.000003 0.000000 -1.000000
vn -0.000003 0.000000 -1.000000
vn 0.000002 0.000000 -1.000000
vn 0.000002 0.000000 -1.000000
vn 0.000000 0.000000 -1.000000
vn 0.000002 0.000000 1.000000
vn 0.000002 0.000000 1.000000
vn 0.000000 0.000000 1.000000
vn 0.000000 0.000000 1.000000
vn 0.000000 0.000000 1.000000
vn 0.000000 0.000000 1.000000
vn -0.000002 0.000000 1.000000
vn -0.000002 0.000000 1.000000
vn 0.000000 0.000000 1.000000
vn 0.000000 0.000000 1.000000
vn 0.000000 0.000000 1.000000
vn 0.927702 0.301428 -0.220251
vn 0.927702 0.301428 -0.220251
vn 0.927702 -0.301428 -0.220251
vn 0.927702 -0.301428 -0.220251
vn 0.573352 -0.789149 -0.220251
vn 0.573352 -0.789149 -0.220251
vn 0.000000 -0.975443 -0.220250
vn 0.000000 -0.975443 -0.220250
vn -0.573352 -0.789150 -0.220251
vn -0.573352 -0.789150 -0.220251
vn -0.927702 -0.301428 -0.220251
vn -0.927702 -0.301428 -0.220251
vn -0.927702 0.301428 -0.220251
vn -0.927702 0.301428 -0.220251
vn -0.573352 0.789149 -0.220251
vn -0.573352 0.789149 -0.220251
vn 0.000000 0.975443 -0.220250
vn 0.000000 0.975443 -0.220250
vn 0.573352 0.789150 -0.220252
vn 0.573352 0.789150 -0.220252
vn 0.885995 0.287876 -0.363512
vn 0.885995 0.287876 -0.363512
vn 0.885995 -0.287876 -0.363512
vn 0.885995 -0.287876 -0.363512
vn 0.547574 -0.753674 -0.363510
vn 0.547574 -0.753673 -0.363510
vn 0.000000 -0.931590 -0.363512
vn 0.000000 -0.931590 -0.363512
vn -0.547574 -0.753673 -0.363509
vn -0.547574 -0.753673 -0.363509
vn -0.885996 -0.287873 -0.363512
vn -0.885996 -0.287873 -0.363512
vn -0.885996 0.287872 -0.363512
vn -0.885996 0.287873 -0.363512
vn -0.547574 0.753673 -0.363510
vn -0.547574 0.753673 -0.363510
vn 0.000000 0.931590 -0.363512
vn 0.000000 0.931590 -0.363512
vn 0.547574 0.753673 -0.363510
vn 0.547574 0.753673 -0.363510
vn 0.882616 0.286780 -0.372486
vn 0.882616 0.286780 -0.372486
vn 0.882617 -0.286780 -0.372486
vn 0.882616 -0.286780 -0.372486
vn 0.545484 -0.750802 -0.372483
vn 0.545484 -0.750802 -0.372483
vn 0.000000 -0.928037 -0.372488
vn 0.000000 -0.928037 -0.372488
vn -0.545486 -0.750801 -0.372482
vn -0.545486 -0.750801 -0.372482
vn -0.882618 -0.286773 -0.372487
vn -0.882618 -0.286773 -0.372487
vn -0.882618 0.286773 -0.372486
vn -0.882619 0.286773 -0.372486
vn -0.545484 0.750802 -0.372483
vn -0.545484 0.750802 -0.372484
vn 0.000000 0.928037 -0.372488
vn 0.000000 0.928037 -0.372488
vn 0.545486 0.750801 -0.372482
vn 0.545486 0.750801 -0.372482
vn 0.552321 0.760203 0.342101
vn 0.552321 0.760203 0.342101
vn 0.552321 0.760203 0.342101
vn 0.552321 0.760203 0.342101
vn 0.000000 0.939664 0.342098
vn 0.000000 0.939664 0.342098
vn 0.000000 0.939664 0.342098
vn 0.000000 0.939664 0.342098
vn -0.552321 0.760203 0.342100
vn -0.552321 0.760203 0.342100
vn -0.552321 0.760203 0.342100
vn -0.552321 0.760203 0.342100
vn -0.893673 0.290372 0.342101
vn -0.893673 0.290372 0.342101
vn -0.893673 0.290372 0.342101
vn -0.893673 0.290372 0.342101
vn -0.893673 -0.290372 0.342101
vn -0.893673 -0.290372 0.342101
vn -0.893673 -0.290372 0.342101
vn -0.893673 -0.290372 0.342101
vn -0.552322 -0.760203 0.342100
vn -0.552322 -0.760203 0.342100
vn -0.552322 -0.760203 0.342100
vn -0.552322 -0.760203 0.342100
vn 0.000000 -0.939664 0.342099
vn 0.000000 -0.939664 0.342099
vn 0.000000 -0.939664 0.342099
vn 0.000000 -0.939664 0.342099
vn 0.552321 -0.760203 0.342100
vn 0.552321 -0.760203 0.342100
vn 0.552321 -0.760203 0.342100
vn 0.552321 -0.760203 0.342100
vn 0.893672 -0.290372 0.342102
vn 0.893672 -0.290372 0.342102
vn 0.893672 -0.290372 0.342102
vn 0.893672 -0.290372 0.342102
vn 0.893673 0.290372 0.342101
vn 0.893673 0.290372 0.342101
vn 0.893673 0.290372 0.342101
vn 0.893673 0.290372 0.342101
vn 0.000000 0.000000 1.000000
vn 0.000000 0.000000 1.000000
vn -0.000000 0.000000 1.000000
vn 0.000000 1.000000 0.000000
vn 0.000000 1.000000 0.000000
vn 0.000000 1.000000 0.000000
vn 0.000000 1.000000 0.000000
vn 0.000000 0.000000 -1.000000
vn -0.000000 0.000000 -1.000000
vn -0.000000 0.000000 -1.000000
vn 0.000000 -1.000000 0.000000
vn 0.000000 -1.000000 0.000000
vn 0.000000 -1.000000 0.000000
vn 0.000000 -1.000000 0.000000
vn 1.000000 0.000000 0.000000
vn 1.000000 0.000000 0.000000
vn 1.000000 0.000000 0.000000
vn 1.000000 0.000000 0.000000
vn -1.000000 0.000000 0.000000
vn -1.000000 0.000000 0.000000
vn -1.000000 0.000000 0.000000
vn -1.000000 0.000000 0.000000
vn -1.000000 0.000000 0.000000
vn -1.000000 0.000000 0.000000
vn -1.000000 0.000000 0.000000
vn -1.000000 0.000000 0.000000
vn 0.000000 -1.000000 0.000000
vn 0.000000 -1.000000 0.000000
vn 0.000000 -1.000000 0.000000
vn 0.000000 -1.000000 0.000000
vn 1.000000 0.000000 0.000000
vn 1.000000 0.000000 0.000000
vn 1.000000 0.000000 0.000000
vn 1.000000 0.000000 0.000000
vn 0.000000 1.000000 0.000000
vn 0.000000 1.000000 0.000000
vn 0.000000 1.000000 0.000000
vn 0.000000 1.000000 0.000000
vn -0.000000 0.000000 1.000000
vn 0.000000 0.000000 1.000000
vn -0.000001 -0.000000 -1.000000
vn 0.000000 -0.000000 -1.000000
vn 0.000000 -0.000000 -1.000000
vn -0.000001 -0.000000 -1.000000
vn 0.000000 -0.000000 -1.000000
vn -0.000001 -0.000000 -1.000000
vn -0.000001 -0.000000 -1.000000
vn 0.000000 -0.000000 -1.000000
vn -0.000000 0.000000 1.000000
vn 0.000000 0.000000 1.000000
vn 0.000000 0.000000 1.000000
vn -0.000000 0.000000 1.000000
vn 0.000000 -0.000000 -1.000000
vn -0.000000 -0.000000 -1.000000
s 1
g pCylinder6
usemtl aiStandardSurface1SG
f 583/712/1007 584/713/1008 613/756/1009 604/747/1010
s 2
f 584/713/1011 585/714/1012 612/755/1013 613/756/1014
s 3
f 585/714/1015 586/715/1016 611/754/1017 612/755/1018
s 4
f 586/715/1019 587/716/1020 610/753/1021 611/754/1022
s 5
f 587/716/1023 588/717/1024 609/752/1025 610/753/1026
s 6
f 588/717/1027 589/718/1028 608/751/1029 609/752/1030
s 7
f 589/718/1031 590/719/1032 607/750/1033 608/751/1034
s 8
f 590/719/1035 591/720/1036 606/749/1037 607/750/1038
s 9
f 591/720/1039 592/721/1040 605/748/1041 606/749/1042
s 10
f 592/721/1043 583/722/1044 604/746/1045 605/748/1046
s 11
f 584/703/1047 583/702/1048 603/744/1049
f 585/704/1050 584/703/1047 603/744/1049
f 586/705/1051 585/704/1050 603/744/1049
f 587/706/1052 586/705/1051 603/744/1049
f 588/707/1053 587/706/1052 603/744/1049
f 589/708/1054 588/707/1053 603/744/1049
f 590/709/1055 589/708/1054 603/744/1049
f 591/710/1056 590/709/1055 603/744/1049
f 592/711/1057 591/710/1056 603/744/1049
f 583/702/1048 592/711/1057 603/744/1049
s 12
f 634/779/1058 635/780/1059 636/745/1060
f 635/780/1059 637/781/1061 636/745/1060
f 637/781/1061 638/782/1062 636/745/1060
f 638/782/1062 639/783/1063 636/745/1060
f 639/783/1063 640/784/1064 636/745/1060
f 640/784/1064 641/785/1065 636/745/1060
f 641/785/1065 642/786/1066 636/745/1060
f 642/786/1066 643/787/1067 636/745/1060
f 643/787/1067 644/788/1068 636/745/1060
f 644/788/1068 634/779/1058 636/745/1060
s 10
f 605/748/1046 604/746/1045 614/757/1069 615/759/1070
s 9
f 606/749/1042 605/748/1041 615/759/1071 616/760/1072
s 8
f 607/750/1038 606/749/1037 616/760/1073 617/761/1074
s 7
f 608/751/1034 607/750/1033 617/761/1075 618/762/1076
s 6
f 609/752/1030 608/751/1029 618/762/1077 619/763/1078
s 5
f 610/753/1026 609/752/1025 619/763/1079 620/764/1080
s 4
f 611/754/1022 610/753/1021 620/764/1081 621/765/1082
s 3
f 612/755/1018 611/754/1017 621/765/1083 622/766/1084
s 2
f 613/756/1014 612/755/1013 622/766/1085 623/767/1086
s 1
f 604/747/1010 613/756/1009 623/767/1087 614/758/1088
s 10
f 615/759/1070 614/757/1069 624/768/1089 625/770/1090
s 9
f 616/760/1072 615/759/1071 625/770/1091 626/771/1092
s 8
f 617/761/1074 616/760/1073 626/771/1093 627/772/1094
s 7
f 618/762/1076 617/761/1075 627/772/1095 628/773/1096
s 6
f 619/763/1078 618/762/1077 628/773/1097 629/774/1098
s 5
f 620/764/1080 619/763/1079 629/774/1099 630/775/1100
s 4
f 621/765/1082 620/764/1081 630/775/1101 631/776/1102
s 3
f 622/766/1084 621/765/1083 631/776/1103 632/777/1104
s 2
f 623/767/1086 622/766/1085 632/777/1105 633/778/1106
s 1
f 614/758/1088 623/767/1087 633/778/1107 624/769/1108
s 10
f 625/770/1090 624/768/1089 593/733/1109 602/732/1110
s 9
f 626/771/1092 625/770/1091 602/732/1111 601/731/1112
s 8
f 627/772/1094 626/771/1093 601/731/1113 600/730/1114
s 7
f 628/773/1096 627/772/1095 600/730/1115 599/729/1116
s 6
f 629/774/1098 628/773/1097 599/729/1117 598/728/1118
s 5
f 630/775/1100 629/774/1099 598/728/1119 597/727/1120
s 4
f 631/776/1102 630/775/1101 597/727/1121 596/726/1122
s 3
f 632/777/1104 631/776/1103 596/726/1123 595/725/1124
s 2
f 633/778/1106 632/777/1105 595/725/1125 594/724/1126
s 1
f 624/769/1108 633/778/1107 594/724/1127 593/723/1128
s off
f 593/742/1129 594/741/1130 635/780/1131 634/779/1132
f 594/741/1133 595/740/1134 637/781/1135 635/780/1136
f 595/740/1137 596/739/1138 638/782/1139 637/781/1140
f 596/739/1141 597/738/1142 639/783/1143 638/782/1144
f 597/738/1145 598/737/1146 640/784/1147 639/783/1148
f 598/737/1149 599/736/1150 641/785/1151 640/784/1152
f 599/736/1153 600/735/1154 642/786/1155 641/785/1156
f 600/735/1157 601/734/1158 643/787/1159 642/786/1160
f 601/734/1161 602/743/1162 644/788/1163 643/787/1164
f 602/743/1165 593/742/1166 634/779/1167 644/788/1168
s 13
f 647/789/1169 665/790/1170 648/791/1171
s off
f 657/792/1172 658/793/1173 659/794/1174 660/795/1175
s 14
f 651/796/1176 666/797/1177 652/798/1178
s off
f 661/799/1179 662/800/1180 663/801/1181 664/802/1182
f 663/803/1183 662/804/1184 659/805/1185 658/793/1186
f 660/806/1187 661/807/1188 664/808/1189 657/792/1190
f 651/809/1191 654/810/1192 653/811/1193 649/812/1194
f 651/796/1195 652/798/1196 655/813/1197 654/814/1198
f 656/815/1199 655/816/1200 652/817/1201 650/818/1202
f 653/819/1203 656/820/1204 650/821/1205 649/822/1206
s 13
f 647/789/1169 648/791/1171 658/793/1207 657/792/1208
s 15
f 656/820/1209 653/819/1210 660/795/1211 659/794/1212
f 654/814/1213 655/813/1214 662/800/1215 661/799/1216
s 13
f 646/823/1217 645/824/1218 664/802/1219 663/801/1220
s 15
f 655/816/1214 656/815/1209 659/805/1212 662/804/1215
s 13
f 648/791/1171 646/825/1217 663/803/1220 658/793/1207
s 15
f 653/811/1210 654/810/1213 661/807/1216 660/806/1211
s 13
f 645/826/1218 647/789/1169 657/792/1208 664/808/1219
f 645/826/1218 646/825/1217 665/790/1170
f 665/790/1170 646/825/1217 648/791/1171
f 645/826/1218 665/790/1170 647/789/1169
s 14
f 649/822/1221 650/821/1222 666/797/1177
f 666/797/1177 650/821/1222 652/798/1178
f 649/822/1221 666/797/1177 651/796/1176
