# Blender 4.3.2
# www.blender.org
mtllib armv2_3_connector.mtl
o CapHolder
v 0.008842 -0.046095 -0.085930
v 0.008842 0.039067 -0.085930
v 0.009698 -0.046095 -0.153683
v 0.008842 0.039067 -0.133272
v 0.015483 -0.046095 -0.085930
v 0.015269 0.039067 -0.085930
v 0.015483 -0.046095 -0.153683
v 0.015269 0.039067 -0.133272
v 0.008842 0.031311 -0.085930
v 0.008842 0.031311 -0.133272
v 0.015483 0.031311 -0.133272
v 0.015483 0.031311 -0.085930
v -0.007502 0.031311 -0.085930
v -0.007502 0.039067 -0.085930
v -0.007502 0.039067 -0.133272
v -0.007502 0.031311 -0.133272
v 0.009698 -0.053366 -0.153683
v 0.008842 -0.053366 -0.085930
v 0.016124 -0.053366 -0.153683
v 0.015269 -0.053366 -0.085930
v -0.007557 -0.046095 -0.153683
v -0.008413 -0.046095 -0.085930
v -0.007557 -0.053366 -0.153683
v -0.008413 -0.053366 -0.085930
v 0.008842 0.031311 -0.079635
v 0.008842 0.039067 -0.079635
v -0.007502 0.031311 -0.079635
v -0.007502 0.039067 -0.079635
v 0.007972 -0.053366 -0.079592
v 0.007972 -0.046095 -0.079592
v -0.002591 -0.053366 -0.079592
v -0.002591 -0.046095 -0.079592
v 0.024309 -0.046095 -0.085930
v 0.025164 -0.046095 -0.153683
v 0.024309 0.039067 -0.133272
v 0.024309 0.039067 -0.085930
v 0.024309 0.031311 -0.133272
v 0.024309 0.031311 -0.085930
v 0.024309 -0.053366 -0.085930
v 0.025164 -0.053366 -0.153683
v 0.009698 -0.007392 -0.153683
v 0.015483 -0.007392 -0.153683
v 0.015483 -0.007392 -0.085930
v 0.008842 -0.007392 -0.085930
v 0.008842 -0.000822 -0.085930
v 0.008842 -0.000822 -0.133272
v 0.015483 -0.000822 -0.133272
v 0.015483 -0.000822 -0.085930
v 0.010642 -0.055792 -0.147561
v 0.009941 -0.055792 -0.092052
v 0.015907 -0.055792 -0.147561
v 0.015206 -0.055792 -0.092052
v -0.003495 -0.055792 -0.147561
v -0.004196 -0.055792 -0.092052
v 0.010642 -0.069218 -0.147561
v 0.009941 -0.069218 -0.092052
v 0.015907 -0.069218 -0.147561
v 0.015206 -0.069218 -0.092052
v -0.003495 -0.069218 -0.147561
v -0.004196 -0.069218 -0.092052
v 0.005355 -0.076070 -0.107738
v 0.005355 -0.064483 -0.107738
v 0.010373 -0.076070 -0.104841
v 0.010373 -0.064483 -0.104841
v 0.010373 -0.076070 -0.099047
v 0.010373 -0.064483 -0.099047
v 0.005355 -0.076070 -0.096150
v 0.005355 -0.064483 -0.096150
v 0.000338 -0.076070 -0.099047
v 0.000338 -0.064483 -0.099047
v 0.000338 -0.076070 -0.104841
v 0.000338 -0.064483 -0.104841
v 0.005355 -0.076070 -0.122369
v 0.005355 -0.064483 -0.122369
v 0.010373 -0.076070 -0.119472
v 0.010373 -0.064483 -0.119472
v 0.010373 -0.076070 -0.113678
v 0.010373 -0.064483 -0.113678
v 0.005355 -0.076070 -0.110782
v 0.005355 -0.064483 -0.110782
v 0.000338 -0.076070 -0.113678
v 0.000338 -0.064483 -0.113678
v 0.000338 -0.076070 -0.119472
v 0.000338 -0.064483 -0.119472
v 0.006694 0.043670 -0.093867
v 0.006694 0.035933 -0.093867
v 0.003797 0.043670 -0.098885
v 0.003797 0.035933 -0.098885
v -0.001997 0.043670 -0.098885
v -0.001997 0.035933 -0.098885
v -0.004894 0.043670 -0.093867
v -0.004894 0.035933 -0.093867
v -0.001997 0.043670 -0.088850
v -0.001997 0.035933 -0.088850
v 0.003797 0.043670 -0.088850
v 0.003797 0.035933 -0.088850
v 0.011784 -0.022542 -0.097007
v 0.012420 -0.022542 -0.127437
v 0.011784 -0.027182 -0.097007
v 0.012420 -0.027182 -0.127437
v 0.021891 -0.023733 -0.098120
v 0.022477 -0.023733 -0.126170
v 0.021891 -0.025991 -0.098120
v 0.022477 -0.025991 -0.126170
v 0.011784 -0.000163 -0.097007
v 0.012420 -0.000163 -0.127437
v 0.011784 -0.004802 -0.097007
v 0.012420 -0.004802 -0.127437
v 0.021891 -0.001353 -0.098120
v 0.022477 -0.001353 -0.126170
v 0.021891 -0.003612 -0.098120
v 0.022477 -0.003612 -0.126170
v 0.011784 -0.030770 -0.097007
v 0.012420 -0.030770 -0.127437
v 0.011784 -0.035409 -0.097007
v 0.012420 -0.035409 -0.127437
v 0.021891 -0.031960 -0.098120
v 0.022477 -0.031960 -0.126170
v 0.021891 -0.034219 -0.098120
v 0.022477 -0.034219 -0.126170
v 0.021866 -0.022542 -0.096930
v 0.022502 -0.022542 -0.127360
v 0.021866 -0.027182 -0.096930
v 0.022502 -0.027182 -0.127360
v 0.021866 -0.000163 -0.096930
v 0.022502 -0.000163 -0.127360
v 0.021866 -0.004802 -0.096930
v 0.022502 -0.004802 -0.127360
v 0.021866 -0.030770 -0.096930
v 0.022502 -0.030770 -0.127360
v 0.021866 -0.035409 -0.096930
v 0.022502 -0.035409 -0.127360
v 0.016551 -0.023733 -0.098232
v 0.017137 -0.023733 -0.126281
v 0.016551 -0.025991 -0.098232
v 0.017137 -0.025991 -0.126281
v 0.016551 -0.001353 -0.098232
v 0.017137 -0.001353 -0.126281
v 0.016551 -0.003612 -0.098232
v 0.017137 -0.003612 -0.126281
v 0.016551 -0.031960 -0.098232
v 0.017137 -0.031960 -0.126281
v 0.016551 -0.034219 -0.098232
v 0.017137 -0.034219 -0.126281
vn -0.0000 1.0000 -0.0000
vn -0.0000 -0.0000 -1.0000
vn -0.0000 -1.0000 -0.0000
vn -0.0000 -0.0000 1.0000
vn 1.0000 -0.0000 -0.0000
vn -1.0000 -0.0000 -0.0000
vn 0.9983 -0.0575 0.0126
vn -0.0000 -0.9297 -0.3684
vn -0.9999 -0.0000 -0.0126
vn 0.9907 -0.0000 0.1360
vn -0.7364 -0.0000 0.6765
vn 0.9999 -0.0000 0.0126
vn -0.9985 -0.0535 -0.0074
vn -0.0000 0.9519 -0.3064
vn -0.5056 -0.8628 -0.0064
vn -0.0000 -0.9297 0.3684
vn 0.5000 -0.0000 -0.8660
vn 0.5000 -0.0000 0.8660
vn -0.5000 -0.0000 0.8660
vn -0.5000 -0.0000 -0.8660
vn 0.8660 -0.0000 -0.5000
vn -0.8660 -0.0000 -0.5000
vn -0.8660 -0.0000 0.5000
vn 0.8660 -0.0000 0.5000
vn -0.9998 -0.0000 -0.0209
vn 0.0076 -0.0000 -1.0000
vn -0.0076 -0.0000 1.0000
vn -0.0209 -0.0000 0.9998
vn 0.0209 -0.0000 -0.9998
vn 0.9998 -0.0000 0.0209
vt 0.875000 0.750000
vt 0.875000 0.500000
vt 0.602231 0.250000
vt 0.625000 0.250000
vt 0.625000 0.500000
vt 0.602231 0.500000
vt 0.375000 0.750000
vt 0.375000 0.500000
vt 0.602231 0.750000
vt 0.625000 0.750000
vt 0.625000 1.000000
vt 0.602231 1.000000
vt 0.375000 0.250000
vt 0.507902 0.750000
vt 0.507902 1.000000
vt 0.507902 0.500000
vt 0.507902 0.250000
vt 0.507902 0.000000
vt 0.602231 0.000000
vt 0.625000 0.000000
vt 0.375000 1.000000
vt 0.375000 0.000000
vt 0.125000 0.750000
vt 0.488615 0.000000
vt 0.488615 0.250000
vt 0.488615 0.500000
vt 0.488615 0.750000
vt 0.488615 1.000000
vt 0.125000 0.500000
vt 1.000000 0.500000
vt 1.000000 1.000000
vt 0.833333 1.000000
vt 0.833333 0.500000
vt 0.666667 1.000000
vt 0.666667 0.500000
vt 0.500000 1.000000
vt 0.500000 0.500000
vt 0.333333 1.000000
vt 0.333333 0.500000
vt 0.457846 0.370000
vt 0.250000 0.490000
vt 0.042154 0.370000
vt 0.042154 0.130000
vt 0.250000 0.010000
vt 0.457846 0.130000
vt 0.166667 1.000000
vt 0.166667 0.500000
vt -0.000000 1.000000
vt -0.000000 0.500000
vt 0.750000 0.490000
vt 0.957846 0.370000
vt 0.957846 0.130000
vt 0.750000 0.010000
vt 0.542154 0.130000
vt 0.542154 0.370000
vt 0.375000 0.509779
vt 0.375000 0.740222
vt 0.375000 0.509779
vt 0.375000 0.740221
vt 0.375000 0.740222
vt 0.375000 0.509779
vt 0.375000 0.740222
s 0
usemtl _Mettle
f 2/1/1 4/2/1 15/2/1 14/1/1
f 10/3/2 4/4/2 8/5/2 11/6/2
f 20/7/3 19/8/3 40/8/3 39/7/3
f 12/9/4 6/10/4 2/11/4 9/12/4
f 3/13/2 7/8/2 19/8/2 17/13/2
f 8/5/1 4/2/1 2/1/1 6/10/1
f 48/14/4 12/9/4 9/12/4 45/15/4
f 47/16/5 11/6/5 12/9/5 48/14/5
f 46/17/2 10/3/2 11/6/2 47/16/2
f 45/18/6 9/19/6 10/3/6 46/17/6
f 13/19/6 14/20/6 15/4/6 16/3/6
f 4/4/2 10/3/2 16/3/2 15/4/2
f 2/1/1 14/1/1 28/1/1 26/1/1
f 10/3/3 9/19/3 13/19/3 16/3/3
f 19/8/7 20/7/7 52/7/7 51/8/7
f 23/13/8 17/13/8 49/13/8 53/13/8
f 19/8/2 7/8/2 34/8/2 40/8/2
f 5/7/4 1/21/4 18/21/4 20/7/4
f 22/22/9 21/13/9 23/13/9 24/22/9
f 1/22/1 3/13/1 21/13/1 22/22/1
f 3/13/2 17/13/2 23/13/2 21/13/2
f 18/21/10 1/21/10 30/21/10 29/21/10
f 25/12/4 26/11/4 28/11/4 27/12/4
f 9/12/5 2/11/5 26/11/5 25/12/5
f 14/20/6 13/19/6 27/19/6 28/20/6
f 13/19/3 9/19/3 25/19/3 27/19/3
f 29/21/4 30/21/4 32/21/4 31/21/4
f 1/22/1 22/22/1 32/22/1 30/22/1
f 22/22/11 24/22/11 31/22/11 32/22/11
f 24/23/3 18/23/3 29/23/3 31/23/3
f 37/6/5 35/5/5 36/10/5 38/9/5
f 34/8/12 33/7/12 39/7/12 40/8/12
f 8/5/1 6/10/1 36/10/1 35/5/1
f 12/9/3 11/6/3 37/6/3 38/9/3
f 6/10/4 12/9/4 38/9/4 36/10/4
f 5/7/4 20/7/4 39/7/4 33/7/4
f 7/8/1 5/7/1 33/7/1 34/8/1
f 11/6/2 8/5/2 35/5/2 37/6/2
f 1/22/9 44/24/9 41/25/9 3/13/9
f 3/13/2 41/25/2 42/26/2 7/8/2
f 7/8/5 42/26/5 43/27/5 5/7/5
f 5/7/4 43/27/4 44/28/4 1/21/4
f 44/24/13 45/18/13 46/17/13 41/25/13
f 41/25/14 46/17/14 47/16/14 42/26/14
f 42/26/5 47/16/5 48/14/5 43/27/5
f 43/27/4 48/14/4 45/15/4 44/28/4
f 54/22/9 53/13/9 59/13/9 60/22/9
f 53/13/2 49/13/2 55/13/2 59/13/2
f 24/22/15 23/13/15 53/13/15 54/22/15
f 20/7/16 18/21/16 50/21/16 52/7/16
f 18/23/16 24/23/16 54/23/16 50/23/16
f 17/13/8 19/8/8 51/8/8 49/13/8
f 55/29/3 57/8/3 58/7/3 56/23/3
f 55/29/3 56/23/3 60/23/3 59/29/3
f 51/8/12 52/7/12 58/7/12 57/8/12
f 50/23/4 54/23/4 60/23/4 56/23/4
f 52/7/4 50/21/4 56/21/4 58/7/4
f 49/13/2 51/8/2 57/8/2 55/13/2
usemtl _Chromes
f 61/30/17 62/31/17 64/32/17 63/33/17
f 63/33/5 64/32/5 66/34/5 65/35/5
f 65/35/18 66/34/18 68/36/18 67/37/18
f 67/37/19 68/36/19 70/38/19 69/39/19
f 64/40/1 62/41/1 72/42/1 70/43/1 68/44/1 66/45/1
f 69/39/6 70/38/6 72/46/6 71/47/6
f 71/47/20 72/46/20 62/48/20 61/49/20
f 61/50/3 63/51/3 65/52/3 67/53/3 69/54/3 71/55/3
f 73/30/17 74/31/17 76/32/17 75/33/17
f 75/33/5 76/32/5 78/34/5 77/35/5
f 77/35/18 78/34/18 80/36/18 79/37/18
f 79/37/19 80/36/19 82/38/19 81/39/19
f 76/40/1 74/41/1 84/42/1 82/43/1 80/44/1 78/45/1
f 81/39/6 82/38/6 84/46/6 83/47/6
f 83/47/20 84/46/20 74/48/20 73/49/20
f 73/50/3 75/51/3 77/52/3 79/53/3 81/54/3 83/55/3
f 85/30/21 86/31/21 88/32/21 87/33/21
f 87/33/2 88/32/2 90/34/2 89/35/2
f 89/35/22 90/34/22 92/36/22 91/37/22
f 91/37/23 92/36/23 94/38/23 93/39/23
f 88/40/3 86/41/3 96/42/3 94/43/3 92/44/3 90/45/3
f 93/39/4 94/38/4 96/46/4 95/47/4
f 95/47/24 96/46/24 86/48/24 85/49/24
f 85/50/1 87/51/1 89/52/1 91/53/1 93/54/1 95/55/1
f 98/8/25 100/8/25 99/7/25 97/7/25
f 102/56/3 101/57/3 133/57/3 134/56/3
f 100/8/26 98/8/26 122/8/26 124/8/26
f 98/8/1 97/7/1 121/7/1 122/8/1
f 97/7/27 99/7/27 123/7/27 121/7/27
f 99/7/3 100/8/3 124/8/3 123/7/3
f 106/8/25 108/8/25 107/7/25 105/7/25
f 120/56/28 118/58/28 142/58/28 144/56/28
f 108/8/26 106/8/26 126/8/26 128/8/26
f 106/8/1 105/7/1 125/7/1 126/8/1
f 105/7/27 107/7/27 127/7/27 125/7/27
f 107/7/3 108/8/3 128/8/3 127/7/3
f 114/8/25 116/8/25 115/7/25 113/7/25
f 101/57/29 103/59/29 135/59/29 133/57/29
f 116/8/26 114/8/26 130/8/26 132/8/26
f 114/8/1 113/7/1 129/7/1 130/8/1
f 113/7/27 115/7/27 131/7/27 129/7/27
f 115/7/3 116/8/3 132/8/3 131/7/3
f 101/57/30 102/56/30 122/8/30 121/7/30
f 104/56/30 103/59/30 123/7/30 124/8/30
f 102/56/30 104/56/30 124/8/30 122/8/30
f 103/59/30 101/57/30 121/7/30 123/7/30
f 109/60/30 110/61/30 126/8/30 125/7/30
f 112/56/30 111/57/30 127/7/30 128/8/30
f 110/61/30 112/56/30 128/8/30 126/8/30
f 111/57/30 109/60/30 125/7/30 127/7/30
f 117/60/30 118/58/30 130/8/30 129/7/30
f 120/56/30 119/62/30 131/7/30 132/8/30
f 118/58/30 120/56/30 132/8/30 130/8/30
f 119/62/30 117/60/30 129/7/30 131/7/30
f 134/56/30 133/57/30 135/59/30 136/56/30
f 138/61/30 137/60/30 139/57/30 140/56/30
f 142/58/30 141/60/30 143/62/30 144/56/30
f 109/60/29 111/57/29 139/57/29 137/60/29
f 110/61/3 109/60/3 137/60/3 138/61/3
f 117/60/29 119/62/29 143/62/29 141/60/29
f 103/59/1 104/56/1 136/56/1 135/59/1
f 118/58/3 117/60/3 141/60/3 142/58/3
f 111/57/1 112/56/1 140/56/1 139/57/1
f 104/56/28 102/56/28 134/56/28 136/56/28
f 119/62/1 120/56/1 144/56/1 143/62/1
f 112/56/28 110/61/28 138/61/28 140/56/28
o BézierCurve
v 0.001660 -0.144930 -0.362432
v -0.000462 -0.144052 -0.362432
v -0.002583 -0.144930 -0.362432
v -0.003462 -0.147052 -0.362432
v -0.002583 -0.149173 -0.362432
v -0.000462 -0.150052 -0.362432
v 0.001660 -0.149173 -0.362432
v 0.002538 -0.147052 -0.362432
v -0.001176 -0.143789 -0.332559
v -0.003206 -0.142948 -0.333226
v -0.005261 -0.143853 -0.333702
v -0.006139 -0.145975 -0.333709
v -0.005325 -0.148070 -0.333242
v -0.003295 -0.148912 -0.332575
v -0.001240 -0.148007 -0.332099
v -0.000362 -0.145885 -0.332092
v -0.008674 -0.140773 -0.317433
v -0.010107 -0.140172 -0.319123
v -0.011736 -0.141248 -0.320331
v -0.012608 -0.143372 -0.320348
v -0.012211 -0.145300 -0.319165
v -0.010778 -0.145901 -0.317475
v -0.009149 -0.144825 -0.316267
v -0.008277 -0.142701 -0.316250
v -0.019059 -0.136595 -0.312608
v -0.019417 -0.136426 -0.314870
v -0.020278 -0.137812 -0.316486
v -0.021139 -0.139941 -0.316509
v -0.021494 -0.141565 -0.314926
v -0.021137 -0.141734 -0.312664
v -0.020276 -0.140349 -0.311048
v -0.019415 -0.138220 -0.311025
v -0.030046 -0.132176 -0.313271
v -0.029873 -0.132220 -0.315560
v -0.030355 -0.133758 -0.317195
v -0.031210 -0.135889 -0.317219
v -0.031937 -0.137364 -0.315617
v -0.032111 -0.137320 -0.313328
v -0.031629 -0.135782 -0.311692
v -0.030774 -0.133651 -0.311669
v -0.039619 -0.128325 -0.314308
v -0.039956 -0.128164 -0.316574
v -0.040803 -0.129555 -0.318192
v -0.041663 -0.131684 -0.318215
v -0.042033 -0.133303 -0.316630
v -0.041696 -0.133464 -0.314364
v -0.040849 -0.132072 -0.312746
v -0.039989 -0.129944 -0.312723
v -0.046146 -0.125699 -0.311233
v -0.047781 -0.125016 -0.312693
v -0.049556 -0.126034 -0.313735
v -0.050430 -0.128157 -0.313750
v -0.049891 -0.130142 -0.312729
v -0.048255 -0.130825 -0.311269
v -0.046481 -0.129807 -0.310227
v -0.045607 -0.127684 -0.310212
v -0.048616 -0.124763 -0.299354
v -0.050706 -0.123815 -0.299412
v -0.052856 -0.124614 -0.299298
v -0.053805 -0.126693 -0.299080
v -0.052998 -0.128834 -0.298885
v -0.050908 -0.129783 -0.298827
v -0.048759 -0.128983 -0.298941
v -0.047809 -0.126904 -0.299159
v -0.044831 -0.123213 -0.284407
v -0.046734 -0.122143 -0.283696
v -0.048641 -0.122784 -0.282590
v -0.049435 -0.124762 -0.281736
v -0.048651 -0.126918 -0.281636
v -0.046749 -0.127989 -0.282347
v -0.044842 -0.127347 -0.283453
v -0.044047 -0.125369 -0.284306
v -0.035383 -0.118799 -0.273118
v -0.037015 -0.117596 -0.272040
v -0.038453 -0.118008 -0.270298
v -0.038854 -0.119794 -0.268913
v -0.037984 -0.121908 -0.268695
v -0.036352 -0.123111 -0.269773
v -0.034915 -0.122699 -0.271515
v -0.034513 -0.120912 -0.272901
v -0.022932 -0.112054 -0.264037
v -0.024482 -0.110805 -0.262893
v -0.025659 -0.111071 -0.260940
v -0.025774 -0.112696 -0.259322
v -0.024759 -0.114728 -0.258986
v -0.023209 -0.115977 -0.260131
v -0.022031 -0.115711 -0.262084
v -0.021917 -0.114086 -0.263702
v -0.010598 -0.103624 -0.256152
v -0.012319 -0.102499 -0.255131
v -0.013524 -0.102785 -0.253197
v -0.013506 -0.104314 -0.251484
v -0.012276 -0.106190 -0.250995
v -0.010554 -0.107315 -0.252016
v -0.009350 -0.107029 -0.253950
v -0.009368 -0.105500 -0.255663
v -0.001623 -0.094099 -0.248185
v -0.003748 -0.093461 -0.247595
v -0.005241 -0.094094 -0.245970
v -0.005227 -0.095628 -0.244262
v -0.003715 -0.097164 -0.243471
v -0.001590 -0.097802 -0.244061
v -0.000097 -0.097169 -0.245686
v -0.000110 -0.095635 -0.247394
v 0.000386 -0.084108 -0.238724
v -0.001869 -0.084392 -0.239046
v -0.003470 -0.085789 -0.238177
v -0.003479 -0.087481 -0.236625
v -0.001891 -0.088478 -0.235301
v 0.000365 -0.088194 -0.234978
v 0.001966 -0.086797 -0.235848
v 0.001975 -0.085104 -0.237399
v -0.008148 -0.074867 -0.226786
v -0.010076 -0.075630 -0.227773
v -0.011313 -0.077560 -0.227640
v -0.011136 -0.079525 -0.226467
v -0.009647 -0.080375 -0.224939
v -0.007719 -0.079612 -0.223953
v -0.006482 -0.077682 -0.224085
v -0.006659 -0.075717 -0.225259
v -0.022214 -0.068571 -0.206930
v -0.024265 -0.069270 -0.207692
v -0.025301 -0.071306 -0.207929
v -0.024716 -0.073485 -0.207503
v -0.022853 -0.074531 -0.206663
v -0.020803 -0.073832 -0.205901
v -0.019767 -0.071797 -0.205664
v -0.020351 -0.069618 -0.206090
v -0.025429 -0.070594 -0.185725
v -0.027600 -0.071333 -0.185817
v -0.028611 -0.073360 -0.186195
v -0.027868 -0.075487 -0.186638
v -0.025807 -0.076468 -0.186886
v -0.023636 -0.075729 -0.186794
v -0.022625 -0.073702 -0.186416
v -0.023368 -0.071575 -0.185973
v -0.021083 -0.076941 -0.165012
v -0.023173 -0.077808 -0.164619
v -0.024179 -0.079843 -0.164969
v -0.023511 -0.081853 -0.165855
v -0.021562 -0.082661 -0.166760
v -0.019472 -0.081794 -0.167152
v -0.018466 -0.079760 -0.166803
v -0.019134 -0.077750 -0.165916
v -0.012631 -0.083704 -0.146278
v -0.014575 -0.084679 -0.145542
v -0.015491 -0.086780 -0.145679
v -0.014841 -0.088777 -0.146608
v -0.013008 -0.089500 -0.147786
v -0.011064 -0.088525 -0.148523
v -0.010148 -0.086424 -0.148386
v -0.010797 -0.084427 -0.147456
v -0.003505 -0.087182 -0.131202
v -0.005227 -0.088208 -0.130081
v -0.005808 -0.090385 -0.129640
v -0.004909 -0.092438 -0.130137
v -0.003056 -0.093165 -0.131282
v -0.001335 -0.092139 -0.132403
v -0.000753 -0.089962 -0.132844
v -0.001652 -0.087909 -0.132347
v 0.002906 -0.084517 -0.121593
v 0.001496 -0.085306 -0.119962
v 0.001624 -0.086945 -0.118359
v 0.003215 -0.088473 -0.117723
v 0.005337 -0.088996 -0.118426
v 0.006747 -0.088207 -0.120057
v 0.006619 -0.086568 -0.121660
v 0.005028 -0.085039 -0.122296
v 0.004607 -0.072515 -0.117363
v 0.003294 -0.072765 -0.115496
v 0.003693 -0.072914 -0.113240
v 0.005568 -0.072873 -0.111916
v 0.007822 -0.072667 -0.112300
v 0.009135 -0.072416 -0.114167
v 0.008737 -0.072268 -0.116424
v 0.006861 -0.072309 -0.117748
vn 0.7234 0.6891 0.0425
vn 0.0215 0.9991 -0.0356
vn -0.6984 0.7098 -0.0919
vn -0.9957 -0.0076 -0.0927
vn -0.6914 -0.7215 -0.0375
vn 0.0244 -0.9989 0.0406
vn 0.7117 -0.6961 0.0947
vn 0.9954 -0.0106 0.0954
vn 0.7197 0.6825 0.1272
vn 0.0562 0.9938 -0.0963
vn -0.6590 0.7049 -0.2625
vn -0.9638 -0.0310 -0.2648
vn -0.6624 -0.7422 -0.1019
vn 0.0273 -0.9922 0.1218
vn 0.6824 -0.6783 0.2725
vn 0.9616 -0.0026 0.2746
vn 0.6169 0.7131 0.3331
vn 0.1723 0.9609 -0.2165
vn -0.4054 0.6274 -0.6649
vn -0.7252 -0.1507 -0.6718
vn -0.5511 -0.8018 -0.2310
vn -0.0630 -0.9452 0.3202
vn 0.4455 -0.5777 0.6840
vn 0.7191 0.0898 0.6891
vn 0.4079 0.8050 0.4308
vn 0.3026 0.8983 -0.3186
vn 0.0141 0.4398 -0.8980
vn -0.2883 -0.3083 -0.9066
vn -0.4043 -0.8499 -0.3379
vn -0.2693 -0.8700 0.4131
vn 0.0137 -0.4077 0.9130
vn 0.2866 0.2673 0.9200
vn 0.3129 0.8619 0.3990
vn 0.3728 0.8500 -0.3721
vn 0.2110 0.3351 -0.9183
vn -0.0723 -0.3706 -0.9260
vn -0.3153 -0.8646 -0.3912
vn -0.3728 -0.8465 0.3801
vn -0.2116 -0.3312 0.9195
vn 0.0692 0.3684 0.9271
vn 0.3996 0.8531 0.3355
vn 0.2675 0.8669 -0.4207
vn -0.0131 0.4031 -0.9150
vn -0.2830 -0.2646 -0.9219
vn -0.4070 -0.8014 -0.4384
vn -0.3080 -0.8974 0.3159
vn -0.0297 -0.4324 0.9012
vn 0.2717 0.3138 0.9098
vn 0.5633 0.8062 0.1809
vn 0.0179 0.9586 -0.2844
vn -0.5270 0.6113 -0.5905
vn -0.8024 -0.0502 -0.5946
vn -0.6690 -0.6815 -0.2967
vn -0.1821 -0.9694 0.1644
vn 0.4628 -0.6800 0.5688
vn 0.8046 0.1387 0.5774
vn 0.7048 0.7047 -0.0821
vn -0.0304 0.9942 -0.1027
vn -0.7153 0.6957 -0.0655
vn -0.9994 0.0336 0.0074
vn -0.7544 -0.6520 0.0759
vn -0.0806 -0.9917 0.1001
vn 0.6558 -0.7528 0.0567
vn 0.9988 -0.0443 -0.0202
vn 0.6240 0.6319 -0.4598
vn -0.0500 0.9784 -0.2006
vn -0.6685 0.7246 0.1673
vn -0.8986 0.0767 0.4321
vn -0.6447 -0.6081 0.4631
vn -0.0406 -0.9690 0.2437
vn 0.5978 -0.7929 -0.1181
vn 0.8969 -0.1326 -0.4219
vn 0.4309 0.5194 -0.7380
vn -0.1285 0.9233 -0.3619
vn -0.6040 0.7643 0.2261
vn -0.7225 0.1671 0.6709
vn -0.4371 -0.5159 0.7368
vn 0.0921 -0.9146 0.3936
vn 0.5760 -0.7974 -0.1801
vn 0.7246 -0.2051 -0.6579
vn 0.3096 0.4384 -0.8438
vn -0.2141 0.8626 -0.4584
vn -0.6085 0.7674 0.2020
vn -0.6399 0.2189 0.7367
vn -0.3005 -0.4516 0.8401
vn 0.2099 -0.8613 0.4627
vn 0.6012 -0.7784 -0.1806
vn 0.6459 -0.2442 -0.7233
vn 0.2980 0.4101 -0.8620
vn -0.2804 0.7988 -0.5322
vn -0.6937 0.7094 0.1247
vn -0.6843 0.1884 0.7045
vn -0.2645 -0.4423 0.8570
vn 0.3077 -0.8060 0.5057
vn 0.6984 -0.7040 -0.1293
vn 0.6952 -0.2078 -0.6881
vn 0.3926 0.4872 -0.7800
vn -0.3088 0.7231 -0.6179
vn -0.8456 0.5295 -0.0684
vn -0.8442 -0.0087 0.5359
vn -0.3031 -0.5365 0.7876
vn 0.4057 -0.7220 0.5605
vn 0.8678 -0.4961 0.0287
vn 0.8599 -0.0082 -0.5104
vn 0.4318 0.7180 -0.5459
vn -0.2899 0.6688 -0.6846
vn -0.8788 0.2172 -0.4250
vn -0.9026 -0.4073 0.1395
vn -0.3077 -0.7397 0.5984
vn 0.4365 -0.6061 0.6649
vn 0.9179 -0.1475 0.3683
vn 0.9143 0.3866 -0.1204
vn 0.2497 0.9178 -0.3088
vn -0.3812 0.6755 -0.6311
vn -0.7972 0.0514 -0.6015
vn -0.7573 -0.6132 -0.2247
vn -0.2521 -0.9184 0.3050
vn 0.4170 -0.6424 0.6430
vn 0.8168 0.0137 0.5767
vn 0.7400 0.6469 0.1841
vn 0.0570 0.9962 -0.0658
vn -0.5875 0.7510 -0.3014
vn -0.9200 0.1076 -0.3769
vn -0.7613 -0.5978 -0.2510
vn -0.1664 -0.9859 0.0206
vn 0.5642 -0.7712 0.2947
vn 0.9269 -0.0306 0.3741
vn 0.6820 0.7006 0.2099
vn 0.0201 0.9810 0.1930
vn -0.6716 0.7236 0.1588
vn -0.9962 0.0779 0.0391
vn -0.7792 -0.6182 -0.1037
vn -0.1072 -0.9756 -0.1917
vn 0.6480 -0.7431 -0.1666
vn 0.9988 -0.0352 -0.0340
vn 0.7180 0.6860 0.1178
vn 0.0550 0.9528 0.2985
vn -0.6279 0.6545 0.4212
vn -0.9519 -0.0094 0.3062
vn -0.7418 -0.6704 0.0186
vn -0.1029 -0.9534 -0.2837
vn 0.6052 -0.6746 -0.4227
vn 0.9520 0.0165 -0.3057
vn 0.7168 0.6973 -0.0017
vn 0.0503 0.9645 0.2591
vn -0.5975 0.6274 0.4994
vn -0.8913 -0.0726 0.4476
vn -0.6731 -0.7259 0.1417
vn -0.0754 -0.9671 -0.2431
vn 0.5699 -0.6577 -0.4926
vn 0.8894 0.0445 -0.4549
vn 0.6735 0.7259 -0.1396
vn -0.0776 0.9966 0.0274
vn -0.6661 0.6276 0.4031
vn -0.8373 -0.1204 0.5333
vn -0.5167 -0.7772 0.3593
vn 0.0740 -0.9973 -0.0021
vn 0.6262 -0.6906 -0.3619
vn 0.8470 0.0138 -0.5314
vn 0.5623 0.7373 -0.3744
vn -0.3998 0.7495 -0.5276
vn -0.9027 0.4190 0.0978
vn -0.7818 -0.1484 0.6056
vn -0.2476 -0.5999 0.7608
vn 0.4090 -0.7441 0.5283
vn 0.8592 -0.5109 0.0290
vn 0.8732 -0.0164 -0.4870
vn 0.3975 0.5168 -0.7583
vn -0.5257 0.3500 -0.7753
vn -0.9699 0.1923 -0.1492
vn -0.7897 -0.1060 0.6043
vn -0.1212 -0.3302 0.9361
vn 0.5368 -0.3657 0.7603
vn 0.9422 -0.2327 0.2413
vn 0.8844 0.0377 -0.4652
vn 0.2471 0.2948 -0.9231
vt 0.000000 1.000000
vt 0.047619 1.000000
vt 0.047619 0.875000
vt 0.000000 0.875000
vt 0.000000 0.125000
vt 0.047619 0.125000
vt 0.047619 0.000000
vt 0.000000 0.000000
vt 0.000000 0.250000
vt 0.047619 0.250000
vt 0.000000 0.375000
vt 0.047619 0.375000
vt 0.000000 0.500000
vt 0.047619 0.500000
vt 0.000000 0.625000
vt 0.047619 0.625000
vt 0.000000 0.750000
vt 0.047619 0.750000
vt 0.095238 1.000000
vt 0.095238 0.875000
vt 0.095238 0.125000
vt 0.095238 0.000000
vt 0.095238 0.250000
vt 0.095238 0.375000
vt 0.095238 0.500000
vt 0.095238 0.625000
vt 0.095238 0.750000
vt 0.142857 1.000000
vt 0.142857 0.875000
vt 0.142857 0.125000
vt 0.142857 0.000000
vt 0.142857 0.250000
vt 0.142857 0.375000
vt 0.142857 0.500000
vt 0.142857 0.625000
vt 0.142857 0.750000
vt 0.190476 1.000000
vt 0.190476 0.875000
vt 0.190476 0.125000
vt 0.190476 0.000000
vt 0.190476 0.250000
vt 0.190476 0.375000
vt 0.190476 0.500000
vt 0.190476 0.625000
vt 0.190476 0.750000
vt 0.238095 1.000000
vt 0.238095 0.875000
vt 0.238095 0.125000
vt 0.238095 0.000000
vt 0.238095 0.250000
vt 0.238095 0.375000
vt 0.238095 0.500000
vt 0.238095 0.625000
vt 0.238095 0.750000
vt 0.285714 1.000000
vt 0.285714 0.875000
vt 0.285714 0.125000
vt 0.285714 0.000000
vt 0.285714 0.250000
vt 0.285714 0.375000
vt 0.285714 0.500000
vt 0.285714 0.625000
vt 0.285714 0.750000
vt 0.333333 1.000000
vt 0.333333 0.875000
vt 0.333333 0.125000
vt 0.333333 0.000000
vt 0.333333 0.250000
vt 0.333333 0.375000
vt 0.333333 0.500000
vt 0.333333 0.625000
vt 0.333333 0.750000
vt 0.380952 1.000000
vt 0.380952 0.875000
vt 0.380952 0.125000
vt 0.380952 0.000000
vt 0.380952 0.250000
vt 0.380952 0.375000
vt 0.380952 0.500000
vt 0.380952 0.625000
vt 0.380952 0.750000
vt 0.428571 1.000000
vt 0.428571 0.875000
vt 0.428571 0.125000
vt 0.428571 0.000000
vt 0.428571 0.250000
vt 0.428571 0.375000
vt 0.428571 0.500000
vt 0.428571 0.625000
vt 0.428571 0.750000
vt 0.476190 1.000000
vt 0.476190 0.875000
vt 0.476190 0.125000
vt 0.476190 0.000000
vt 0.476190 0.250000
vt 0.476190 0.375000
vt 0.476190 0.500000
vt 0.476190 0.625000
vt 0.476190 0.750000
vt 0.523810 1.000000
vt 0.523810 0.875000
vt 0.523810 0.125000
vt 0.523810 0.000000
vt 0.523810 0.250000
vt 0.523810 0.375000
vt 0.523810 0.500000
vt 0.523810 0.625000
vt 0.523810 0.750000
vt 0.571429 1.000000
vt 0.571429 0.875000
vt 0.571429 0.125000
vt 0.571429 0.000000
vt 0.571429 0.250000
vt 0.571429 0.375000
vt 0.571429 0.500000
vt 0.571429 0.625000
vt 0.571429 0.750000
vt 0.619048 1.000000
vt 0.619048 0.875000
vt 0.619048 0.125000
vt 0.619048 0.000000
vt 0.619048 0.250000
vt 0.619048 0.375000
vt 0.619048 0.500000
vt 0.619048 0.625000
vt 0.619048 0.750000
vt 0.666667 1.000000
vt 0.666667 0.875000
vt 0.666667 0.125000
vt 0.666667 0.000000
vt 0.666667 0.250000
vt 0.666667 0.375000
vt 0.666667 0.500000
vt 0.666667 0.625000
vt 0.666667 0.750000
vt 0.714286 1.000000
vt 0.714286 0.875000
vt 0.714286 0.125000
vt 0.714286 0.000000
vt 0.714286 0.250000
vt 0.714286 0.375000
vt 0.714286 0.500000
vt 0.714286 0.625000
vt 0.714286 0.750000
vt 0.761905 1.000000
vt 0.761905 0.875000
vt 0.761905 0.125000
vt 0.761905 0.000000
vt 0.761905 0.250000
vt 0.761905 0.375000
vt 0.761905 0.500000
vt 0.761905 0.625000
vt 0.761905 0.750000
vt 0.809524 1.000000
vt 0.809524 0.875000
vt 0.809524 0.125000
vt 0.809524 0.000000
vt 0.809524 0.250000
vt 0.809524 0.375000
vt 0.809524 0.500000
vt 0.809524 0.625000
vt 0.809524 0.750000
vt 0.857143 1.000000
vt 0.857143 0.875000
vt 0.857143 0.125000
vt 0.857143 0.000000
vt 0.857143 0.250000
vt 0.857143 0.375000
vt 0.857143 0.500000
vt 0.857143 0.625000
vt 0.857143 0.750000
vt 0.904762 1.000000
vt 0.904762 0.875000
vt 0.904762 0.125000
vt 0.904762 0.000000
vt 0.904762 0.250000
vt 0.904762 0.375000
vt 0.904762 0.500000
vt 0.904762 0.625000
vt 0.904762 0.750000
vt 0.952381 1.000000
vt 0.952381 0.875000
vt 0.952381 0.125000
vt 0.952381 0.000000
vt 0.952381 0.250000
vt 0.952381 0.375000
vt 0.952381 0.500000
vt 0.952381 0.625000
vt 0.952381 0.750000
vt 1.000000 1.000000
vt 1.000000 0.875000
vt 1.000000 0.125000
vt 1.000000 0.000000
vt 1.000000 0.250000
vt 1.000000 0.375000
vt 1.000000 0.500000
vt 1.000000 0.625000
vt 1.000000 0.750000
s 1
usemtl _Blue
f 145/63/31 153/64/39 160/65/46 152/66/38
f 146/67/32 154/68/40 153/69/39 145/70/31
f 147/71/33 155/72/41 154/68/40 146/67/32
f 148/73/34 156/74/42 155/72/41 147/71/33
f 149/75/35 157/76/43 156/74/42 148/73/34
f 150/77/36 158/78/44 157/76/43 149/75/35
f 151/79/37 159/80/45 158/78/44 150/77/36
f 152/66/38 160/65/46 159/80/45 151/79/37
f 153/64/39 161/81/47 168/82/54 160/65/46
f 154/68/40 162/83/48 161/84/47 153/69/39
f 155/72/41 163/85/49 162/83/48 154/68/40
f 156/74/42 164/86/50 163/85/49 155/72/41
f 157/76/43 165/87/51 164/86/50 156/74/42
f 158/78/44 166/88/52 165/87/51 157/76/43
f 159/80/45 167/89/53 166/88/52 158/78/44
f 160/65/46 168/82/54 167/89/53 159/80/45
f 161/81/47 169/90/55 176/91/62 168/82/54
f 162/83/48 170/92/56 169/93/55 161/84/47
f 163/85/49 171/94/57 170/92/56 162/83/48
f 164/86/50 172/95/58 171/94/57 163/85/49
f 165/87/51 173/96/59 172/95/58 164/86/50
f 166/88/52 174/97/60 173/96/59 165/87/51
f 167/89/53 175/98/61 174/97/60 166/88/52
f 168/82/54 176/91/62 175/98/61 167/89/53
f 169/90/55 177/99/63 184/100/70 176/91/62
f 170/92/56 178/101/64 177/102/63 169/93/55
f 171/94/57 179/103/65 178/101/64 170/92/56
f 172/95/58 180/104/66 179/103/65 171/94/57
f 173/96/59 181/105/67 180/104/66 172/95/58
f 174/97/60 182/106/68 181/105/67 173/96/59
f 175/98/61 183/107/69 182/106/68 174/97/60
f 176/91/62 184/100/70 183/107/69 175/98/61
f 177/99/63 185/108/71 192/109/78 184/100/70
f 178/101/64 186/110/72 185/111/71 177/102/63
f 179/103/65 187/112/73 186/110/72 178/101/64
f 180/104/66 188/113/74 187/112/73 179/103/65
f 181/105/67 189/114/75 188/113/74 180/104/66
f 182/106/68 190/115/76 189/114/75 181/105/67
f 183/107/69 191/116/77 190/115/76 182/106/68
f 184/100/70 192/109/78 191/116/77 183/107/69
f 185/108/71 193/117/79 200/118/86 192/109/78
f 186/110/72 194/119/80 193/120/79 185/111/71
f 187/112/73 195/121/81 194/119/80 186/110/72
f 188/113/74 196/122/82 195/121/81 187/112/73
f 189/114/75 197/123/83 196/122/82 188/113/74
f 190/115/76 198/124/84 197/123/83 189/114/75
f 191/116/77 199/125/85 198/124/84 190/115/76
f 192/109/78 200/118/86 199/125/85 191/116/77
f 193/117/79 201/126/87 208/127/94 200/118/86
f 194/119/80 202/128/88 201/129/87 193/120/79
f 195/121/81 203/130/89 202/128/88 194/119/80
f 196/122/82 204/131/90 203/130/89 195/121/81
f 197/123/83 205/132/91 204/131/90 196/122/82
f 198/124/84 206/133/92 205/132/91 197/123/83
f 199/125/85 207/134/93 206/133/92 198/124/84
f 200/118/86 208/127/94 207/134/93 199/125/85
f 201/126/87 209/135/95 216/136/102 208/127/94
f 202/128/88 210/137/96 209/138/95 201/129/87
f 203/130/89 211/139/97 210/137/96 202/128/88
f 204/131/90 212/140/98 211/139/97 203/130/89
f 205/132/91 213/141/99 212/140/98 204/131/90
f 206/133/92 214/142/100 213/141/99 205/132/91
f 207/134/93 215/143/101 214/142/100 206/133/92
f 208/127/94 216/136/102 215/143/101 207/134/93
f 209/135/95 217/144/103 224/145/110 216/136/102
f 210/137/96 218/146/104 217/147/103 209/138/95
f 211/139/97 219/148/105 218/146/104 210/137/96
f 212/140/98 220/149/106 219/148/105 211/139/97
f 213/141/99 221/150/107 220/149/106 212/140/98
f 214/142/100 222/151/108 221/150/107 213/141/99
f 215/143/101 223/152/109 222/151/108 214/142/100
f 216/136/102 224/145/110 223/152/109 215/143/101
f 217/144/103 225/153/111 232/154/118 224/145/110
f 218/146/104 226/155/112 225/156/111 217/147/103
f 219/148/105 227/157/113 226/155/112 218/146/104
f 220/149/106 228/158/114 227/157/113 219/148/105
f 221/150/107 229/159/115 228/158/114 220/149/106
f 222/151/108 230/160/116 229/159/115 221/150/107
f 223/152/109 231/161/117 230/160/116 222/151/108
f 224/145/110 232/154/118 231/161/117 223/152/109
f 225/153/111 233/162/119 240/163/126 232/154/118
f 226/155/112 234/164/120 233/165/119 225/156/111
f 227/157/113 235/166/121 234/164/120 226/155/112
f 228/158/114 236/167/122 235/166/121 227/157/113
f 229/159/115 237/168/123 236/167/122 228/158/114
f 230/160/116 238/169/124 237/168/123 229/159/115
f 231/161/117 239/170/125 238/169/124 230/160/116
f 232/154/118 240/163/126 239/170/125 231/161/117
f 233/162/119 241/171/127 248/172/134 240/163/126
f 234/164/120 242/173/128 241/174/127 233/165/119
f 235/166/121 243/175/129 242/173/128 234/164/120
f 236/167/122 244/176/130 243/175/129 235/166/121
f 237/168/123 245/177/131 244/176/130 236/167/122
f 238/169/124 246/178/132 245/177/131 237/168/123
f 239/170/125 247/179/133 246/178/132 238/169/124
f 240/163/126 248/172/134 247/179/133 239/170/125
f 241/171/127 249/180/135 256/181/142 248/172/134
f 242/173/128 250/182/136 249/183/135 241/174/127
f 243/175/129 251/184/137 250/182/136 242/173/128
f 244/176/130 252/185/138 251/184/137 243/175/129
f 245/177/131 253/186/139 252/185/138 244/176/130
f 246/178/132 254/187/140 253/186/139 245/177/131
f 247/179/133 255/188/141 254/187/140 246/178/132
f 248/172/134 256/181/142 255/188/141 247/179/133
f 249/180/135 257/189/143 264/190/150 256/181/142
f 250/182/136 258/191/144 257/192/143 249/183/135
f 251/184/137 259/193/145 258/191/144 250/182/136
f 252/185/138 260/194/146 259/193/145 251/184/137
f 253/186/139 261/195/147 260/194/146 252/185/138
f 254/187/140 262/196/148 261/195/147 253/186/139
f 255/188/141 263/197/149 262/196/148 254/187/140
f 256/181/142 264/190/150 263/197/149 255/188/141
f 257/189/143 265/198/151 272/199/158 264/190/150
f 258/191/144 266/200/152 265/201/151 257/192/143
f 259/193/145 267/202/153 266/200/152 258/191/144
f 260/194/146 268/203/154 267/202/153 259/193/145
f 261/195/147 269/204/155 268/203/154 260/194/146
f 262/196/148 270/205/156 269/204/155 261/195/147
f 263/197/149 271/206/157 270/205/156 262/196/148
f 264/190/150 272/199/158 271/206/157 263/197/149
f 265/198/151 273/207/159 280/208/166 272/199/158
f 266/200/152 274/209/160 273/210/159 265/201/151
f 267/202/153 275/211/161 274/209/160 266/200/152
f 268/203/154 276/212/162 275/211/161 267/202/153
f 269/204/155 277/213/163 276/212/162 268/203/154
f 270/205/156 278/214/164 277/213/163 269/204/155
f 271/206/157 279/215/165 278/214/164 270/205/156
f 272/199/158 280/208/166 279/215/165 271/206/157
f 273/207/159 281/216/167 288/217/174 280/208/166
f 274/209/160 282/218/168 281/219/167 273/210/159
f 275/211/161 283/220/169 282/218/168 274/209/160
f 276/212/162 284/221/170 283/220/169 275/211/161
f 277/213/163 285/222/171 284/221/170 276/212/162
f 278/214/164 286/223/172 285/222/171 277/213/163
f 279/215/165 287/224/173 286/223/172 278/214/164
f 280/208/166 288/217/174 287/224/173 279/215/165
f 281/216/167 289/225/175 296/226/182 288/217/174
f 282/218/168 290/227/176 289/228/175 281/219/167
f 283/220/169 291/229/177 290/227/176 282/218/168
f 284/221/170 292/230/178 291/229/177 283/220/169
f 285/222/171 293/231/179 292/230/178 284/221/170
f 286/223/172 294/232/180 293/231/179 285/222/171
f 287/224/173 295/233/181 294/232/180 286/223/172
f 288/217/174 296/226/182 295/233/181 287/224/173
f 289/225/175 297/234/183 304/235/190 296/226/182
f 290/227/176 298/236/184 297/237/183 289/228/175
f 291/229/177 299/238/185 298/236/184 290/227/176
f 292/230/178 300/239/186 299/238/185 291/229/177
f 293/231/179 301/240/187 300/239/186 292/230/178
f 294/232/180 302/241/188 301/240/187 293/231/179
f 295/233/181 303/242/189 302/241/188 294/232/180
f 296/226/182 304/235/190 303/242/189 295/233/181
f 297/234/183 305/243/191 312/244/198 304/235/190
f 298/236/184 306/245/192 305/246/191 297/237/183
f 299/238/185 307/247/193 306/245/192 298/236/184
f 300/239/186 308/248/194 307/247/193 299/238/185
f 301/240/187 309/249/195 308/248/194 300/239/186
f 302/241/188 310/250/196 309/249/195 301/240/187
f 303/242/189 311/251/197 310/250/196 302/241/188
f 304/235/190 312/244/198 311/251/197 303/242/189
f 305/243/191 313/252/199 320/253/206 312/244/198
f 306/245/192 314/254/200 313/255/199 305/246/191
f 307/247/193 315/256/201 314/254/200 306/245/192
f 308/248/194 316/257/202 315/256/201 307/247/193
f 309/249/195 317/258/203 316/257/202 308/248/194
f 310/250/196 318/259/204 317/258/203 309/249/195
f 311/251/197 319/260/205 318/259/204 310/250/196
f 312/244/198 320/253/206 319/260/205 311/251/197
o BézierCurve
v 0.001660 -0.144930 -0.362432
v -0.000462 -0.144052 -0.362432
v -0.002583 -0.144930 -0.362432
v -0.003462 -0.147052 -0.362432
v -0.002583 -0.149173 -0.362432
v -0.000462 -0.150052 -0.362432
v 0.001660 -0.149173 -0.362432
v 0.002538 -0.147052 -0.362432
v -0.001176 -0.143789 -0.332559
v -0.003206 -0.142948 -0.333226
v -0.005261 -0.143853 -0.333702
v -0.006139 -0.145975 -0.333709
v -0.005325 -0.148070 -0.333242
v -0.003295 -0.148912 -0.332575
v -0.001240 -0.148007 -0.332099
v -0.000362 -0.145885 -0.332092
v -0.008674 -0.140773 -0.317433
v -0.010107 -0.140172 -0.319123
v -0.011736 -0.141248 -0.320331
v -0.012608 -0.143372 -0.320348
v -0.012211 -0.145300 -0.319165
v -0.010778 -0.145901 -0.317475
v -0.009149 -0.144825 -0.316267
v -0.008277 -0.142701 -0.316250
v -0.019059 -0.136595 -0.312608
v -0.019417 -0.136426 -0.314870
v -0.020278 -0.137812 -0.316486
v -0.021139 -0.139941 -0.316509
v -0.021494 -0.141565 -0.314926
v -0.021137 -0.141734 -0.312664
v -0.020276 -0.140349 -0.311048
v -0.019415 -0.138220 -0.311025
v -0.030046 -0.132176 -0.313271
v -0.029873 -0.132220 -0.315560
v -0.030355 -0.133758 -0.317195
v -0.031210 -0.135889 -0.317219
v -0.031937 -0.137364 -0.315617
v -0.032111 -0.137320 -0.313328
v -0.031629 -0.135782 -0.311692
v -0.030774 -0.133651 -0.311669
v -0.039619 -0.128325 -0.314308
v -0.039956 -0.128164 -0.316574
v -0.040803 -0.129555 -0.318192
v -0.041663 -0.131684 -0.318215
v -0.042033 -0.133303 -0.316630
v -0.041696 -0.133464 -0.314364
v -0.040849 -0.132072 -0.312746
v -0.039989 -0.129944 -0.312723
v -0.046146 -0.125699 -0.311233
v -0.047781 -0.125016 -0.312693
v -0.049556 -0.126034 -0.313735
v -0.050430 -0.128157 -0.313750
v -0.049891 -0.130142 -0.312729
v -0.048255 -0.130825 -0.311269
v -0.046481 -0.129807 -0.310227
v -0.045607 -0.127684 -0.310212
v -0.048616 -0.124763 -0.299354
v -0.050706 -0.123815 -0.299412
v -0.052856 -0.124614 -0.299298
v -0.053805 -0.126693 -0.299080
v -0.052998 -0.128834 -0.298885
v -0.050908 -0.129783 -0.298827
v -0.048759 -0.128983 -0.298941
v -0.047809 -0.126904 -0.299159
v -0.044831 -0.123213 -0.284407
v -0.046734 -0.122143 -0.283696
v -0.048641 -0.122784 -0.282590
v -0.049435 -0.124762 -0.281736
v -0.048651 -0.126918 -0.281636
v -0.046749 -0.127989 -0.282347
v -0.044842 -0.127347 -0.283453
v -0.044047 -0.125369 -0.284306
v -0.035383 -0.118799 -0.273118
v -0.037015 -0.117596 -0.272040
v -0.038453 -0.118008 -0.270298
v -0.038854 -0.119794 -0.268913
v -0.037984 -0.121908 -0.268695
v -0.036352 -0.123111 -0.269773
v -0.034915 -0.122699 -0.271515
v -0.034513 -0.120912 -0.272901
v -0.022932 -0.112054 -0.264037
v -0.024482 -0.110805 -0.262893
v -0.025659 -0.111071 -0.260940
v -0.025774 -0.112696 -0.259322
v -0.024759 -0.114728 -0.258986
v -0.023209 -0.115977 -0.260131
v -0.022031 -0.115711 -0.262084
v -0.021917 -0.114086 -0.263702
v -0.010598 -0.103624 -0.256152
v -0.012319 -0.102499 -0.255131
v -0.013524 -0.102785 -0.253197
v -0.013506 -0.104314 -0.251484
v -0.012276 -0.106190 -0.250995
v -0.010554 -0.107315 -0.252016
v -0.009350 -0.107029 -0.253950
v -0.009368 -0.105500 -0.255663
v -0.001623 -0.094099 -0.248185
v -0.003748 -0.093461 -0.247595
v -0.005241 -0.094094 -0.245970
v -0.005227 -0.095628 -0.244262
v -0.003715 -0.097164 -0.243471
v -0.001590 -0.097802 -0.244061
v -0.000097 -0.097169 -0.245686
v -0.000110 -0.095635 -0.247394
v 0.000386 -0.084108 -0.238724
v -0.001869 -0.084392 -0.239046
v -0.003470 -0.085789 -0.238177
v -0.003479 -0.087481 -0.236625
v -0.001891 -0.088478 -0.235301
v 0.000365 -0.088194 -0.234978
v 0.001966 -0.086797 -0.235848
v 0.001975 -0.085104 -0.237399
v -0.008148 -0.074867 -0.226786
v -0.010076 -0.075630 -0.227773
v -0.011313 -0.077560 -0.227640
v -0.011136 -0.079525 -0.226467
v -0.009647 -0.080375 -0.224939
v -0.007719 -0.079612 -0.223953
v -0.006482 -0.077682 -0.224085
v -0.006659 -0.075717 -0.225259
v -0.022214 -0.068571 -0.206930
v -0.024265 -0.069270 -0.207692
v -0.025301 -0.071306 -0.207929
v -0.024716 -0.073485 -0.207503
v -0.022853 -0.074531 -0.206663
v -0.020803 -0.073832 -0.205901
v -0.019767 -0.071797 -0.205664
v -0.020351 -0.069618 -0.206090
v -0.025429 -0.070594 -0.185725
v -0.027600 -0.071333 -0.185817
v -0.028611 -0.073360 -0.186195
v -0.027868 -0.075487 -0.186638
v -0.025807 -0.076468 -0.186886
v -0.023636 -0.075729 -0.186794
v -0.022625 -0.073702 -0.186416
v -0.023368 -0.071575 -0.185973
v -0.021083 -0.076941 -0.165012
v -0.023173 -0.077808 -0.164619
v -0.024179 -0.079843 -0.164969
v -0.023511 -0.081853 -0.165855
v -0.021562 -0.082661 -0.166760
v -0.019472 -0.081794 -0.167152
v -0.018466 -0.079760 -0.166803
v -0.019134 -0.077750 -0.165916
v -0.012631 -0.083704 -0.146278
v -0.014575 -0.084679 -0.145542
v -0.015491 -0.086780 -0.145679
v -0.014841 -0.088777 -0.146608
v -0.013008 -0.089500 -0.147786
v -0.011064 -0.088525 -0.148523
v -0.010148 -0.086424 -0.148386
v -0.010797 -0.084427 -0.147456
v -0.003505 -0.087182 -0.131202
v -0.005227 -0.088208 -0.130081
v -0.005808 -0.090385 -0.129640
v -0.004909 -0.092438 -0.130137
v -0.003056 -0.093165 -0.131282
v -0.001335 -0.092139 -0.132403
v -0.000753 -0.089962 -0.132844
v -0.001652 -0.087909 -0.132347
v 0.002906 -0.084517 -0.121593
v 0.001496 -0.085306 -0.119962
v 0.001624 -0.086945 -0.118359
v 0.003215 -0.088473 -0.117723
v 0.005337 -0.088996 -0.118426
v 0.006747 -0.088207 -0.120057
v 0.006619 -0.086568 -0.121660
v 0.005028 -0.085039 -0.122296
v 0.004607 -0.072515 -0.117363
v 0.003294 -0.072765 -0.115496
v 0.003693 -0.072914 -0.113240
v 0.005568 -0.072873 -0.111916
v 0.007822 -0.072667 -0.112300
v 0.009135 -0.072416 -0.114167
v 0.008737 -0.072268 -0.116424
v 0.006861 -0.072309 -0.117748
vn 0.7234 0.6891 0.0425
vn 0.0215 0.9991 -0.0356
vn -0.6984 0.7098 -0.0919
vn -0.9957 -0.0076 -0.0927
vn -0.6914 -0.7215 -0.0375
vn 0.0244 -0.9989 0.0406
vn 0.7117 -0.6961 0.0947
vn 0.9954 -0.0106 0.0954
vn 0.7197 0.6825 0.1272
vn 0.0562 0.9938 -0.0963
vn -0.6590 0.7049 -0.2625
vn -0.9638 -0.0310 -0.2648
vn -0.6624 -0.7422 -0.1019
vn 0.0273 -0.9922 0.1218
vn 0.6824 -0.6783 0.2725
vn 0.9616 -0.0026 0.2746
vn 0.6169 0.7131 0.3331
vn 0.1723 0.9609 -0.2165
vn -0.4054 0.6274 -0.6649
vn -0.7252 -0.1507 -0.6718
vn -0.5511 -0.8018 -0.2310
vn -0.0630 -0.9452 0.3202
vn 0.4455 -0.5777 0.6840
vn 0.7191 0.0898 0.6891
vn 0.4079 0.8050 0.4308
vn 0.3026 0.8983 -0.3186
vn 0.0141 0.4398 -0.8980
vn -0.2883 -0.3083 -0.9066
vn -0.4043 -0.8499 -0.3379
vn -0.2693 -0.8700 0.4131
vn 0.0137 -0.4077 0.9130
vn 0.2866 0.2673 0.9200
vn 0.3129 0.8619 0.3990
vn 0.3728 0.8500 -0.3721
vn 0.2110 0.3351 -0.9183
vn -0.0723 -0.3706 -0.9260
vn -0.3153 -0.8646 -0.3912
vn -0.3728 -0.8465 0.3801
vn -0.2116 -0.3312 0.9195
vn 0.0692 0.3684 0.9271
vn 0.3996 0.8531 0.3355
vn 0.2675 0.8669 -0.4207
vn -0.0131 0.4031 -0.9150
vn -0.2830 -0.2646 -0.9219
vn -0.4070 -0.8014 -0.4384
vn -0.3080 -0.8974 0.3159
vn -0.0297 -0.4324 0.9012
vn 0.2717 0.3138 0.9098
vn 0.5633 0.8062 0.1809
vn 0.0179 0.9586 -0.2844
vn -0.5270 0.6113 -0.5905
vn -0.8024 -0.0502 -0.5946
vn -0.6690 -0.6815 -0.2967
vn -0.1821 -0.9694 0.1644
vn 0.4628 -0.6800 0.5688
vn 0.8046 0.1387 0.5774
vn 0.7048 0.7047 -0.0821
vn -0.0304 0.9942 -0.1027
vn -0.7153 0.6957 -0.0655
vn -0.9994 0.0336 0.0074
vn -0.7544 -0.6520 0.0759
vn -0.0806 -0.9917 0.1001
vn 0.6558 -0.7528 0.0567
vn 0.9988 -0.0443 -0.0202
vn 0.6240 0.6319 -0.4598
vn -0.0500 0.9784 -0.2006
vn -0.6685 0.7246 0.1673
vn -0.8986 0.0767 0.4321
vn -0.6447 -0.6081 0.4631
vn -0.0406 -0.9690 0.2437
vn 0.5978 -0.7929 -0.1181
vn 0.8969 -0.1326 -0.4219
vn 0.4309 0.5194 -0.7380
vn -0.1285 0.9233 -0.3619
vn -0.6040 0.7643 0.2261
vn -0.7225 0.1671 0.6709
vn -0.4371 -0.5159 0.7368
vn 0.0921 -0.9146 0.3936
vn 0.5760 -0.7974 -0.1801
vn 0.7246 -0.2051 -0.6579
vn 0.3096 0.4384 -0.8438
vn -0.2141 0.8626 -0.4584
vn -0.6085 0.7674 0.2020
vn -0.6399 0.2189 0.7367
vn -0.3005 -0.4516 0.8401
vn 0.2099 -0.8613 0.4627
vn 0.6012 -0.7784 -0.1806
vn 0.6459 -0.2442 -0.7233
vn 0.2980 0.4101 -0.8620
vn -0.2804 0.7988 -0.5322
vn -0.6937 0.7094 0.1247
vn -0.6843 0.1884 0.7045
vn -0.2645 -0.4423 0.8570
vn 0.3077 -0.8060 0.5057
vn 0.6984 -0.7040 -0.1293
vn 0.6952 -0.2078 -0.6881
vn 0.3926 0.4872 -0.7800
vn -0.3088 0.7231 -0.6179
vn -0.8456 0.5295 -0.0684
vn -0.8442 -0.0087 0.5359
vn -0.3031 -0.5365 0.7876
vn 0.4057 -0.7220 0.5605
vn 0.8678 -0.4961 0.0287
vn 0.8599 -0.0082 -0.5104
vn 0.4318 0.7180 -0.5459
vn -0.2899 0.6688 -0.6846
vn -0.8788 0.2172 -0.4250
vn -0.9026 -0.4073 0.1395
vn -0.3077 -0.7397 0.5984
vn 0.4365 -0.6061 0.6649
vn 0.9179 -0.1475 0.3683
vn 0.9143 0.3866 -0.1204
vn 0.2497 0.9178 -0.3088
vn -0.3812 0.6755 -0.6311
vn -0.7972 0.0514 -0.6015
vn -0.7573 -0.6132 -0.2247
vn -0.2521 -0.9184 0.3050
vn 0.4170 -0.6424 0.6430
vn 0.8168 0.0137 0.5767
vn 0.7400 0.6469 0.1841
vn 0.0570 0.9962 -0.0658
vn -0.5875 0.7510 -0.3014
vn -0.9200 0.1076 -0.3769
vn -0.7613 -0.5978 -0.2510
vn -0.1664 -0.9859 0.0206
vn 0.5642 -0.7712 0.2947
vn 0.9269 -0.0306 0.3741
vn 0.6820 0.7006 0.2099
vn 0.0201 0.9810 0.1930
vn -0.6716 0.7236 0.1588
vn -0.9962 0.0779 0.0391
vn -0.7792 -0.6182 -0.1037
vn -0.1072 -0.9756 -0.1917
vn 0.6480 -0.7431 -0.1666
vn 0.9988 -0.0352 -0.0340
vn 0.7180 0.6860 0.1178
vn 0.0550 0.9528 0.2985
vn -0.6279 0.6545 0.4212
vn -0.9519 -0.0094 0.3062
vn -0.7418 -0.6704 0.0186
vn -0.1029 -0.9534 -0.2837
vn 0.6052 -0.6746 -0.4227
vn 0.9520 0.0165 -0.3057
vn 0.7168 0.6973 -0.0017
vn 0.0503 0.9645 0.2591
vn -0.5975 0.6274 0.4994
vn -0.8913 -0.0726 0.4476
vn -0.6731 -0.7259 0.1417
vn -0.0754 -0.9671 -0.2431
vn 0.5699 -0.6577 -0.4926
vn 0.8894 0.0445 -0.4549
vn 0.6735 0.7259 -0.1396
vn -0.0776 0.9966 0.0274
vn -0.6661 0.6276 0.4031
vn -0.8373 -0.1204 0.5333
vn -0.5167 -0.7772 0.3593
vn 0.0740 -0.9973 -0.0021
vn 0.6262 -0.6906 -0.3619
vn 0.8470 0.0138 -0.5314
vn 0.5623 0.7373 -0.3744
vn -0.3998 0.7495 -0.5276
vn -0.9027 0.4190 0.0978
vn -0.7818 -0.1484 0.6056
vn -0.2476 -0.5999 0.7608
vn 0.4090 -0.7441 0.5283
vn 0.8592 -0.5109 0.0290
vn 0.8732 -0.0164 -0.4870
vn 0.3975 0.5168 -0.7583
vn -0.5257 0.3500 -0.7753
vn -0.9699 0.1923 -0.1492
vn -0.7897 -0.1060 0.6043
vn -0.1212 -0.3302 0.9361
vn 0.5368 -0.3657 0.7603
vn 0.9422 -0.2327 0.2413
vn 0.8844 0.0377 -0.4652
vn 0.2471 0.2948 -0.9231
vt 0.000000 1.000000
vt 0.047619 1.000000
vt 0.047619 0.875000
vt 0.000000 0.875000
vt 0.000000 0.125000
vt 0.047619 0.125000
vt 0.047619 0.000000
vt 0.000000 0.000000
vt 0.000000 0.250000
vt 0.047619 0.250000
vt 0.000000 0.375000
vt 0.047619 0.375000
vt 0.000000 0.500000
vt 0.047619 0.500000
vt 0.000000 0.625000
vt 0.047619 0.625000
vt 0.000000 0.750000
vt 0.047619 0.750000
vt 0.095238 1.000000
vt 0.095238 0.875000
vt 0.095238 0.125000
vt 0.095238 0.000000
vt 0.095238 0.250000
vt 0.095238 0.375000
vt 0.095238 0.500000
vt 0.095238 0.625000
vt 0.095238 0.750000
vt 0.142857 1.000000
vt 0.142857 0.875000
vt 0.142857 0.125000
vt 0.142857 0.000000
vt 0.142857 0.250000
vt 0.142857 0.375000
vt 0.142857 0.500000
vt 0.142857 0.625000
vt 0.142857 0.750000
vt 0.190476 1.000000
vt 0.190476 0.875000
vt 0.190476 0.125000
vt 0.190476 0.000000
vt 0.190476 0.250000
vt 0.190476 0.375000
vt 0.190476 0.500000
vt 0.190476 0.625000
vt 0.190476 0.750000
vt 0.238095 1.000000
vt 0.238095 0.875000
vt 0.238095 0.125000
vt 0.238095 0.000000
vt 0.238095 0.250000
vt 0.238095 0.375000
vt 0.238095 0.500000
vt 0.238095 0.625000
vt 0.238095 0.750000
vt 0.285714 1.000000
vt 0.285714 0.875000
vt 0.285714 0.125000
vt 0.285714 0.000000
vt 0.285714 0.250000
vt 0.285714 0.375000
vt 0.285714 0.500000
vt 0.285714 0.625000
vt 0.285714 0.750000
vt 0.333333 1.000000
vt 0.333333 0.875000
vt 0.333333 0.125000
vt 0.333333 0.000000
vt 0.333333 0.250000
vt 0.333333 0.375000
vt 0.333333 0.500000
vt 0.333333 0.625000
vt 0.333333 0.750000
vt 0.380952 1.000000
vt 0.380952 0.875000
vt 0.380952 0.125000
vt 0.380952 0.000000
vt 0.380952 0.250000
vt 0.380952 0.375000
vt 0.380952 0.500000
vt 0.380952 0.625000
vt 0.380952 0.750000
vt 0.428571 1.000000
vt 0.428571 0.875000
vt 0.428571 0.125000
vt 0.428571 0.000000
vt 0.428571 0.250000
vt 0.428571 0.375000
vt 0.428571 0.500000
vt 0.428571 0.625000
vt 0.428571 0.750000
vt 0.476190 1.000000
vt 0.476190 0.875000
vt 0.476190 0.125000
vt 0.476190 0.000000
vt 0.476190 0.250000
vt 0.476190 0.375000
vt 0.476190 0.500000
vt 0.476190 0.625000
vt 0.476190 0.750000
vt 0.523810 1.000000
vt 0.523810 0.875000
vt 0.523810 0.125000
vt 0.523810 0.000000
vt 0.523810 0.250000
vt 0.523810 0.375000
vt 0.523810 0.500000
vt 0.523810 0.625000
vt 0.523810 0.750000
vt 0.571429 1.000000
vt 0.571429 0.875000
vt 0.571429 0.125000
vt 0.571429 0.000000
vt 0.571429 0.250000
vt 0.571429 0.375000
vt 0.571429 0.500000
vt 0.571429 0.625000
vt 0.571429 0.750000
vt 0.619048 1.000000
vt 0.619048 0.875000
vt 0.619048 0.125000
vt 0.619048 0.000000
vt 0.619048 0.250000
vt 0.619048 0.375000
vt 0.619048 0.500000
vt 0.619048 0.625000
vt 0.619048 0.750000
vt 0.666667 1.000000
vt 0.666667 0.875000
vt 0.666667 0.125000
vt 0.666667 0.000000
vt 0.666667 0.250000
vt 0.666667 0.375000
vt 0.666667 0.500000
vt 0.666667 0.625000
vt 0.666667 0.750000
vt 0.714286 1.000000
vt 0.714286 0.875000
vt 0.714286 0.125000
vt 0.714286 0.000000
vt 0.714286 0.250000
vt 0.714286 0.375000
vt 0.714286 0.500000
vt 0.714286 0.625000
vt 0.714286 0.750000
vt 0.761905 1.000000
vt 0.761905 0.875000
vt 0.761905 0.125000
vt 0.761905 0.000000
vt 0.761905 0.250000
vt 0.761905 0.375000
vt 0.761905 0.500000
vt 0.761905 0.625000
vt 0.761905 0.750000
vt 0.809524 1.000000
vt 0.809524 0.875000
vt 0.809524 0.125000
vt 0.809524 0.000000
vt 0.809524 0.250000
vt 0.809524 0.375000
vt 0.809524 0.500000
vt 0.809524 0.625000
vt 0.809524 0.750000
vt 0.857143 1.000000
vt 0.857143 0.875000
vt 0.857143 0.125000
vt 0.857143 0.000000
vt 0.857143 0.250000
vt 0.857143 0.375000
vt 0.857143 0.500000
vt 0.857143 0.625000
vt 0.857143 0.750000
vt 0.904762 1.000000
vt 0.904762 0.875000
vt 0.904762 0.125000
vt 0.904762 0.000000
vt 0.904762 0.250000
vt 0.904762 0.375000
vt 0.904762 0.500000
vt 0.904762 0.625000
vt 0.904762 0.750000
vt 0.952381 1.000000
vt 0.952381 0.875000
vt 0.952381 0.125000
vt 0.952381 0.000000
vt 0.952381 0.250000
vt 0.952381 0.375000
vt 0.952381 0.500000
vt 0.952381 0.625000
vt 0.952381 0.750000
vt 1.000000 1.000000
vt 1.000000 0.875000
vt 1.000000 0.125000
vt 1.000000 0.000000
vt 1.000000 0.250000
vt 1.000000 0.375000
vt 1.000000 0.500000
vt 1.000000 0.625000
vt 1.000000 0.750000
s 1
usemtl _Blue
f 321/261/207 329/262/215 336/263/222 328/264/214
f 322/265/208 330/266/216 329/267/215 321/268/207
f 323/269/209 331/270/217 330/266/216 322/265/208
f 324/271/210 332/272/218 331/270/217 323/269/209
f 325/273/211 333/274/219 332/272/218 324/271/210
f 326/275/212 334/276/220 333/274/219 325/273/211
f 327/277/213 335/278/221 334/276/220 326/275/212
f 328/264/214 336/263/222 335/278/221 327/277/213
f 329/262/215 337/279/223 344/280/230 336/263/222
f 330/266/216 338/281/224 337/282/223 329/267/215
f 331/270/217 339/283/225 338/281/224 330/266/216
f 332/272/218 340/284/226 339/283/225 331/270/217
f 333/274/219 341/285/227 340/284/226 332/272/218
f 334/276/220 342/286/228 341/285/227 333/274/219
f 335/278/221 343/287/229 342/286/228 334/276/220
f 336/263/222 344/280/230 343/287/229 335/278/221
f 337/279/223 345/288/231 352/289/238 344/280/230
f 338/281/224 346/290/232 345/291/231 337/282/223
f 339/283/225 347/292/233 346/290/232 338/281/224
f 340/284/226 348/293/234 347/292/233 339/283/225
f 341/285/227 349/294/235 348/293/234 340/284/226
f 342/286/228 350/295/236 349/294/235 341/285/227
f 343/287/229 351/296/237 350/295/236 342/286/228
f 344/280/230 352/289/238 351/296/237 343/287/229
f 345/288/231 353/297/239 360/298/246 352/289/238
f 346/290/232 354/299/240 353/300/239 345/291/231
f 347/292/233 355/301/241 354/299/240 346/290/232
f 348/293/234 356/302/242 355/301/241 347/292/233
f 349/294/235 357/303/243 356/302/242 348/293/234
f 350/295/236 358/304/244 357/303/243 349/294/235
f 351/296/237 359/305/245 358/304/244 350/295/236
f 352/289/238 360/298/246 359/305/245 351/296/237
f 353/297/239 361/306/247 368/307/254 360/298/246
f 354/299/240 362/308/248 361/309/247 353/300/239
f 355/301/241 363/310/249 362/308/248 354/299/240
f 356/302/242 364/311/250 363/310/249 355/301/241
f 357/303/243 365/312/251 364/311/250 356/302/242
f 358/304/244 366/313/252 365/312/251 357/303/243
f 359/305/245 367/314/253 366/313/252 358/304/244
f 360/298/246 368/307/254 367/314/253 359/305/245
f 361/306/247 369/315/255 376/316/262 368/307/254
f 362/308/248 370/317/256 369/318/255 361/309/247
f 363/310/249 371/319/257 370/317/256 362/308/248
f 364/311/250 372/320/258 371/319/257 363/310/249
f 365/312/251 373/321/259 372/320/258 364/311/250
f 366/313/252 374/322/260 373/321/259 365/312/251
f 367/314/253 375/323/261 374/322/260 366/313/252
f 368/307/254 376/316/262 375/323/261 367/314/253
f 369/315/255 377/324/263 384/325/270 376/316/262
f 370/317/256 378/326/264 377/327/263 369/318/255
f 371/319/257 379/328/265 378/326/264 370/317/256
f 372/320/258 380/329/266 379/328/265 371/319/257
f 373/321/259 381/330/267 380/329/266 372/320/258
f 374/322/260 382/331/268 381/330/267 373/321/259
f 375/323/261 383/332/269 382/331/268 374/322/260
f 376/316/262 384/325/270 383/332/269 375/323/261
f 377/324/263 385/333/271 392/334/278 384/325/270
f 378/326/264 386/335/272 385/336/271 377/327/263
f 379/328/265 387/337/273 386/335/272 378/326/264
f 380/329/266 388/338/274 387/337/273 379/328/265
f 381/330/267 389/339/275 388/338/274 380/329/266
f 382/331/268 390/340/276 389/339/275 381/330/267
f 383/332/269 391/341/277 390/340/276 382/331/268
f 384/325/270 392/334/278 391/341/277 383/332/269
f 385/333/271 393/342/279 400/343/286 392/334/278
f 386/335/272 394/344/280 393/345/279 385/336/271
f 387/337/273 395/346/281 394/344/280 386/335/272
f 388/338/274 396/347/282 395/346/281 387/337/273
f 389/339/275 397/348/283 396/347/282 388/338/274
f 390/340/276 398/349/284 397/348/283 389/339/275
f 391/341/277 399/350/285 398/349/284 390/340/276
f 392/334/278 400/343/286 399/350/285 391/341/277
f 393/342/279 401/351/287 408/352/294 400/343/286
f 394/344/280 402/353/288 401/354/287 393/345/279
f 395/346/281 403/355/289 402/353/288 394/344/280
f 396/347/282 404/356/290 403/355/289 395/346/281
f 397/348/283 405/357/291 404/356/290 396/347/282
f 398/349/284 406/358/292 405/357/291 397/348/283
f 399/350/285 407/359/293 406/358/292 398/349/284
f 400/343/286 408/352/294 407/359/293 399/350/285
f 401/351/287 409/360/295 416/361/302 408/352/294
f 402/353/288 410/362/296 409/363/295 401/354/287
f 403/355/289 411/364/297 410/362/296 402/353/288
f 404/356/290 412/365/298 411/364/297 403/355/289
f 405/357/291 413/366/299 412/365/298 404/356/290
f 406/358/292 414/367/300 413/366/299 405/357/291
f 407/359/293 415/368/301 414/367/300 406/358/292
f 408/352/294 416/361/302 415/368/301 407/359/293
f 409/360/295 417/369/303 424/370/310 416/361/302
f 410/362/296 418/371/304 417/372/303 409/363/295
f 411/364/297 419/373/305 418/371/304 410/362/296
f 412/365/298 420/374/306 419/373/305 411/364/297
f 413/366/299 421/375/307 420/374/306 412/365/298
f 414/367/300 422/376/308 421/375/307 413/366/299
f 415/368/301 423/377/309 422/376/308 414/367/300
f 416/361/302 424/370/310 423/377/309 415/368/301
f 417/369/303 425/378/311 432/379/318 424/370/310
f 418/371/304 426/380/312 425/381/311 417/372/303
f 419/373/305 427/382/313 426/380/312 418/371/304
f 420/374/306 428/383/314 427/382/313 419/373/305
f 421/375/307 429/384/315 428/383/314 420/374/306
f 422/376/308 430/385/316 429/384/315 421/375/307
f 423/377/309 431/386/317 430/385/316 422/376/308
f 424/370/310 432/379/318 431/386/317 423/377/309
f 425/378/311 433/387/319 440/388/326 432/379/318
f 426/380/312 434/389/320 433/390/319 425/381/311
f 427/382/313 435/391/321 434/389/320 426/380/312
f 428/383/314 436/392/322 435/391/321 427/382/313
f 429/384/315 437/393/323 436/392/322 428/383/314
f 430/385/316 438/394/324 437/393/323 429/384/315
f 431/386/317 439/395/325 438/394/324 430/385/316
f 432/379/318 440/388/326 439/395/325 431/386/317
f 433/387/319 441/396/327 448/397/334 440/388/326
f 434/389/320 442/398/328 441/399/327 433/390/319
f 435/391/321 443/400/329 442/398/328 434/389/320
f 436/392/322 444/401/330 443/400/329 435/391/321
f 437/393/323 445/402/331 444/401/330 436/392/322
f 438/394/324 446/403/332 445/402/331 437/393/323
f 439/395/325 447/404/333 446/403/332 438/394/324
f 440/388/326 448/397/334 447/404/333 439/395/325
f 441/396/327 449/405/335 456/406/342 448/397/334
f 442/398/328 450/407/336 449/408/335 441/399/327
f 443/400/329 451/409/337 450/407/336 442/398/328
f 444/401/330 452/410/338 451/409/337 443/400/329
f 445/402/331 453/411/339 452/410/338 444/401/330
f 446/403/332 454/412/340 453/411/339 445/402/331
f 447/404/333 455/413/341 454/412/340 446/403/332
f 448/397/334 456/406/342 455/413/341 447/404/333
f 449/405/335 457/414/343 464/415/350 456/406/342
f 450/407/336 458/416/344 457/417/343 449/408/335
f 451/409/337 459/418/345 458/416/344 450/407/336
f 452/410/338 460/419/346 459/418/345 451/409/337
f 453/411/339 461/420/347 460/419/346 452/410/338
f 454/412/340 462/421/348 461/420/347 453/411/339
f 455/413/341 463/422/349 462/421/348 454/412/340
f 456/406/342 464/415/350 463/422/349 455/413/341
f 457/414/343 465/423/351 472/424/358 464/415/350
f 458/416/344 466/425/352 465/426/351 457/417/343
f 459/418/345 467/427/353 466/425/352 458/416/344
f 460/419/346 468/428/354 467/427/353 459/418/345
f 461/420/347 469/429/355 468/428/354 460/419/346
f 462/421/348 470/430/356 469/429/355 461/420/347
f 463/422/349 471/431/357 470/430/356 462/421/348
f 464/415/350 472/424/358 471/431/357 463/422/349
f 465/423/351 473/432/359 480/433/366 472/424/358
f 466/425/352 474/434/360 473/435/359 465/426/351
f 467/427/353 475/436/361 474/434/360 466/425/352
f 468/428/354 476/437/362 475/436/361 467/427/353
f 469/429/355 477/438/363 476/437/362 468/428/354
f 470/430/356 478/439/364 477/438/363 469/429/355
f 471/431/357 479/440/365 478/439/364 470/430/356
f 472/424/358 480/433/366 479/440/365 471/431/357
f 473/432/359 481/441/367 488/442/374 480/433/366
f 474/434/360 482/443/368 481/444/367 473/435/359
f 475/436/361 483/445/369 482/443/368 474/434/360
f 476/437/362 484/446/370 483/445/369 475/436/361
f 477/438/363 485/447/371 484/446/370 476/437/362
f 478/439/364 486/448/372 485/447/371 477/438/363
f 479/440/365 487/449/373 486/448/372 478/439/364
f 480/433/366 488/442/374 487/449/373 479/440/365
f 481/441/367 489/450/375 496/451/382 488/442/374
f 482/443/368 490/452/376 489/453/375 481/444/367
f 483/445/369 491/454/377 490/452/376 482/443/368
f 484/446/370 492/455/378 491/454/377 483/445/369
f 485/447/371 493/456/379 492/455/378 484/446/370
f 486/448/372 494/457/380 493/456/379 485/447/371
f 487/449/373 495/458/381 494/457/380 486/448/372
f 488/442/374 496/451/382 495/458/381 487/449/373
o BézierCurve.002
v 0.004269 -0.170985 -0.359442
v 0.002147 -0.170106 -0.359441
v 0.000026 -0.170985 -0.359443
v -0.000853 -0.173106 -0.359447
v 0.000026 -0.175228 -0.359450
v 0.002147 -0.176106 -0.359450
v 0.004269 -0.175228 -0.359448
v 0.005147 -0.173106 -0.359444
v 0.003139 -0.169070 -0.333887
v 0.001070 -0.168280 -0.334492
v -0.001043 -0.169173 -0.334592
v -0.001962 -0.171226 -0.334127
v -0.001149 -0.173235 -0.333371
v 0.000921 -0.174025 -0.332766
v 0.003034 -0.173132 -0.332666
v 0.003953 -0.171079 -0.333131
v 0.000414 -0.164331 -0.325515
v -0.001139 -0.164439 -0.327202
v -0.003170 -0.165477 -0.327475
v -0.004487 -0.166835 -0.326174
v -0.004320 -0.167718 -0.324062
v -0.002766 -0.167610 -0.322375
v -0.000736 -0.166572 -0.322101
v 0.000581 -0.165214 -0.323402
v -0.003310 -0.157823 -0.327289
v -0.004168 -0.159146 -0.328958
v -0.006087 -0.160379 -0.329228
v -0.007942 -0.160798 -0.327941
v -0.008647 -0.160159 -0.325852
v -0.007788 -0.158836 -0.324183
v -0.005870 -0.157604 -0.323913
v -0.004015 -0.157184 -0.325199
v -0.007653 -0.150226 -0.333298
v -0.008415 -0.151717 -0.334869
v -0.010318 -0.152976 -0.335124
v -0.012247 -0.153266 -0.333913
v -0.013073 -0.152417 -0.331946
v -0.012310 -0.150926 -0.330375
v -0.010407 -0.149666 -0.330120
v -0.008478 -0.149377 -0.331331
v -0.011912 -0.142780 -0.337370
v -0.013215 -0.143326 -0.339180
v -0.015205 -0.144434 -0.339473
v -0.016716 -0.145454 -0.338077
v -0.016863 -0.145789 -0.335810
v -0.015560 -0.145243 -0.334000
v -0.013570 -0.144135 -0.333707
v -0.012059 -0.143115 -0.335103
v -0.015160 -0.137119 -0.332509
v -0.017161 -0.136449 -0.333415
v -0.019263 -0.137361 -0.333563
v -0.020235 -0.139321 -0.332866
v -0.019507 -0.141181 -0.331733
v -0.017507 -0.141851 -0.330827
v -0.015405 -0.140939 -0.330680
v -0.014433 -0.138979 -0.331376
v -0.016373 -0.135054 -0.312858
v -0.018495 -0.134190 -0.313009
v -0.020610 -0.135080 -0.313074
v -0.021479 -0.137205 -0.313015
v -0.020594 -0.139318 -0.312867
v -0.018472 -0.140182 -0.312716
v -0.016357 -0.139291 -0.312651
v -0.015487 -0.137167 -0.312710
v -0.017324 -0.135140 -0.290862
v -0.019435 -0.134280 -0.291140
v -0.021534 -0.135176 -0.291386
v -0.022393 -0.137305 -0.291454
v -0.021507 -0.139418 -0.291305
v -0.019397 -0.140278 -0.291026
v -0.017297 -0.139381 -0.290781
v -0.016439 -0.137253 -0.290713
v -0.019777 -0.134640 -0.279181
v -0.021644 -0.133886 -0.280285
v -0.023604 -0.134843 -0.281001
v -0.024509 -0.136951 -0.280911
v -0.023829 -0.138975 -0.280066
v -0.021963 -0.139729 -0.278962
v -0.020003 -0.138772 -0.278245
v -0.019097 -0.136664 -0.278336
v -0.022943 -0.132681 -0.275598
v -0.023769 -0.132746 -0.277739
v -0.025352 -0.134000 -0.278831
v -0.026766 -0.135708 -0.278234
v -0.027181 -0.136870 -0.276298
v -0.026355 -0.136805 -0.274157
v -0.024772 -0.135551 -0.273065
v -0.023358 -0.133843 -0.273662
v -0.026110 -0.128573 -0.277139
v -0.026216 -0.129547 -0.279215
v -0.027725 -0.130896 -0.280301
v -0.029751 -0.131829 -0.279759
v -0.031109 -0.131801 -0.277907
v -0.031002 -0.130827 -0.275831
v -0.029494 -0.129478 -0.274745
v -0.027467 -0.128545 -0.275287
v -0.029126 -0.120987 -0.281187
v -0.029246 -0.121930 -0.283277
v -0.030898 -0.122942 -0.284510
v -0.033115 -0.123429 -0.284163
v -0.034598 -0.123106 -0.282440
v -0.034479 -0.122162 -0.280350
v -0.032826 -0.121151 -0.279118
v -0.030610 -0.120664 -0.279464
v -0.031394 -0.108841 -0.285481
v -0.031595 -0.109376 -0.287705
v -0.033344 -0.109901 -0.289097
v -0.035616 -0.110107 -0.288843
v -0.037081 -0.109874 -0.287090
v -0.036881 -0.109338 -0.284867
v -0.035132 -0.108814 -0.283474
v -0.032860 -0.108608 -0.283729
v -0.032273 -0.091089 -0.287565
v -0.032528 -0.090910 -0.289840
v -0.034321 -0.090857 -0.291274
v -0.036601 -0.090960 -0.291027
v -0.038033 -0.091159 -0.289244
v -0.037779 -0.091338 -0.286969
v -0.035986 -0.091391 -0.285535
v -0.033706 -0.091288 -0.285782
v -0.032517 -0.079613 -0.284341
v -0.032826 -0.078049 -0.285993
v -0.034652 -0.077129 -0.287038
v -0.036926 -0.077392 -0.286862
v -0.038316 -0.078684 -0.285570
v -0.038008 -0.080248 -0.283917
v -0.036182 -0.081168 -0.282873
v -0.033908 -0.080905 -0.283048
v -0.032833 -0.076657 -0.275419
v -0.033173 -0.074391 -0.275579
v -0.035019 -0.073030 -0.275683
v -0.037289 -0.073369 -0.275671
v -0.038655 -0.075211 -0.275550
v -0.038316 -0.077476 -0.275390
v -0.036470 -0.078838 -0.275286
v -0.034199 -0.078499 -0.275298
v -0.032520 -0.079270 -0.261900
v -0.032839 -0.077074 -0.261309
v -0.034669 -0.075764 -0.260856
v -0.036939 -0.076107 -0.260806
v -0.038318 -0.077902 -0.261189
v -0.037999 -0.080098 -0.261781
v -0.036169 -0.081408 -0.262234
v -0.033899 -0.081065 -0.262284
v -0.030856 -0.084811 -0.245325
v -0.031158 -0.082660 -0.244583
v -0.032965 -0.081416 -0.243903
v -0.035216 -0.081808 -0.243684
v -0.036594 -0.083607 -0.244054
v -0.036292 -0.085759 -0.244796
v -0.034485 -0.087003 -0.245476
v -0.032234 -0.086610 -0.245695
v -0.027140 -0.090430 -0.227396
v -0.027471 -0.088242 -0.226784
v -0.029252 -0.087031 -0.225988
v -0.031439 -0.087506 -0.225475
v -0.032751 -0.089388 -0.225545
v -0.032420 -0.091576 -0.226158
v -0.030639 -0.092788 -0.226954
v -0.028452 -0.092313 -0.227467
v -0.020701 -0.093266 -0.209738
v -0.021178 -0.091033 -0.209503
v -0.022935 -0.089828 -0.208647
v -0.024945 -0.090360 -0.207671
v -0.026028 -0.092315 -0.207146
v -0.025552 -0.094548 -0.207381
v -0.023794 -0.095752 -0.208237
v -0.021785 -0.095221 -0.209213
v -0.010659 -0.090439 -0.193561
v -0.011201 -0.088210 -0.193452
v -0.012952 -0.087005 -0.192584
v -0.014887 -0.087531 -0.191465
v -0.015872 -0.089478 -0.190750
v -0.015331 -0.091706 -0.190859
v -0.013579 -0.092911 -0.191728
v -0.011644 -0.092386 -0.192847
v -0.005477 -0.090410 -0.183051
v -0.005862 -0.088191 -0.182603
v -0.007632 -0.086985 -0.181774
v -0.009749 -0.087499 -0.181050
v -0.010975 -0.089431 -0.180855
v -0.010590 -0.091649 -0.181304
v -0.008820 -0.092855 -0.182133
v -0.006703 -0.092342 -0.182857
v -0.001447 -0.094582 -0.167658
v -0.001762 -0.092413 -0.166971
v -0.003558 -0.091188 -0.166233
v -0.005783 -0.091624 -0.165874
v -0.007135 -0.093466 -0.166107
v -0.006820 -0.095635 -0.166793
v -0.005024 -0.096859 -0.167532
v -0.002799 -0.096423 -0.167890
v 0.001625 -0.099862 -0.149916
v 0.001292 -0.097666 -0.149332
v -0.000533 -0.096401 -0.148746
v -0.002779 -0.096807 -0.148502
v -0.004132 -0.098647 -0.148742
v -0.003799 -0.100842 -0.149326
v -0.001974 -0.102107 -0.149912
v 0.000272 -0.101701 -0.150156
v 0.004000 -0.103230 -0.132077
v 0.003605 -0.100972 -0.131930
v 0.001740 -0.099666 -0.131637
v -0.000503 -0.100075 -0.131369
v -0.001811 -0.101961 -0.131283
v -0.001416 -0.104218 -0.131430
v 0.000449 -0.105525 -0.131723
v 0.002692 -0.105115 -0.131991
v 0.005900 -0.101617 -0.116457
v 0.005377 -0.099545 -0.117298
v 0.003438 -0.098344 -0.117567
v 0.001220 -0.098718 -0.117107
v 0.000021 -0.100447 -0.116188
v 0.000544 -0.102519 -0.115347
v 0.002483 -0.103719 -0.115078
v 0.004701 -0.103346 -0.115538
v 0.007526 -0.091931 -0.105555
v 0.006840 -0.090804 -0.107435
v 0.004814 -0.090114 -0.108265
v 0.002634 -0.090263 -0.107559
v 0.001578 -0.091166 -0.105731
v 0.002264 -0.092293 -0.103851
v 0.004290 -0.092983 -0.103021
v 0.006470 -0.092834 -0.103727
v 0.009069 -0.071299 -0.101888
v 0.008288 -0.071311 -0.104047
v 0.006212 -0.071217 -0.105024
v 0.004057 -0.071071 -0.104246
v 0.003085 -0.070960 -0.102168
v 0.003866 -0.070948 -0.100009
v 0.005942 -0.071042 -0.099032
v 0.008097 -0.071188 -0.099811
vn 0.7199 0.6938 -0.0198
vn 0.0063 0.9973 -0.0730
vn -0.7068 0.7027 -0.0821
vn -0.9990 -0.0144 -0.0425
vn -0.6901 -0.7233 0.0246
vn 0.0147 -0.9968 0.0782
vn 0.6986 -0.7101 0.0874
vn 0.9986 -0.0231 0.0474
vn 0.7496 0.6586 -0.0659
vn 0.0396 0.9620 -0.2701
vn -0.6887 0.6598 -0.3007
vn -0.9867 -0.0638 -0.1493
vn -0.6706 -0.7332 0.1127
vn 0.0092 -0.9515 0.3074
vn 0.6627 -0.6687 0.3372
vn 0.9808 -0.0309 0.1925
vn 0.8431 0.5284 -0.1000
vn 0.3841 0.5537 -0.7388
vn -0.4608 0.1301 -0.8779
vn -0.8774 -0.3560 -0.3216
vn -0.7392 -0.5830 0.3372
vn -0.2392 -0.5220 0.8187
vn 0.3943 -0.1958 0.8979
vn 0.8208 0.2227 0.5260
vn 0.8925 0.4021 -0.2045
vn 0.6183 -0.0676 -0.7830
vn -0.0237 -0.4877 -0.8727
vn -0.6656 -0.6079 -0.4330
vn -0.8828 -0.3708 0.2884
vn -0.5730 0.0565 0.8176
vn 0.0299 0.4391 0.8980
vn 0.6279 0.5949 0.5018
vn 0.9014 0.3543 -0.2490
vn 0.6295 -0.1363 -0.7649
vn 0.0195 -0.5359 -0.8441
vn -0.6119 -0.6465 -0.4557
vn -0.9051 -0.3657 0.2170
vn -0.6511 0.1510 0.7438
vn -0.0293 0.5656 0.8242
vn 0.6238 0.6542 0.4276
vn 0.7891 0.4981 -0.3595
vn 0.3564 0.3120 -0.8807
vn -0.2612 -0.0324 -0.9647
vn -0.7445 -0.3554 -0.5652
vn -0.8559 -0.5029 0.1207
vn -0.4763 -0.3577 0.8032
vn 0.3213 0.0869 0.9430
vn 0.8256 0.4324 0.3623
vn 0.6653 0.7249 -0.1785
vn 0.0202 0.8912 -0.4532
vn -0.6244 0.6039 -0.4955
vn -0.9570 0.0071 -0.2899
vn -0.7820 -0.6180 0.0809
vn -0.1031 -0.9081 0.4058
vn 0.6681 -0.5855 0.4591
vn 0.9688 0.1366 0.2066
vn 0.6940 0.7200 -0.0007
vn -0.0117 0.9985 -0.0533
vn -0.7007 0.7095 -0.0752
vn -0.9984 0.0137 -0.0540
vn -0.7087 -0.7055 -0.0031
vn 0.0089 -0.9990 0.0447
vn 0.7115 -0.6996 0.0656
vn 0.9987 0.0115 0.0492
vn 0.7093 0.7007 0.0765
vn 0.0078 0.9999 -0.0152
vn -0.7005 0.7073 -0.0950
vn -0.9927 -0.0102 -0.1200
vn -0.6842 -0.7258 -0.0711
vn 0.0302 -0.9992 0.0248
vn 0.7129 -0.6932 0.1062
vn 0.9919 -0.0003 0.1269
vn 0.7102 0.6811 0.1780
vn 0.0839 0.9802 -0.1795
vn -0.6070 0.6762 -0.4175
vn -0.9094 -0.0860 -0.4069
vn -0.6262 -0.7733 -0.0996
vn -0.0080 -0.9644 0.2643
vn 0.5943 -0.6472 0.4774
vn 0.8940 0.0069 0.4480
vn 0.7185 0.6507 0.2458
vn 0.5036 0.7124 -0.4888
vn -0.1325 0.2224 -0.9659
vn -0.6300 -0.4083 -0.6606
vn -0.6957 -0.7183 -0.0089
vn -0.4051 -0.6622 0.6304
vn 0.0949 -0.2691 0.9584
vn 0.5440 0.2555 0.7992
vn 0.8277 0.5391 0.1561
vn 0.8046 0.1790 -0.5662
vn 0.2957 -0.2765 -0.9144
vn -0.3889 -0.5599 -0.7316
vn -0.8386 -0.5350 -0.1030
vn -0.7862 -0.2214 0.5770
vn -0.3085 0.2006 0.9298
vn 0.3431 0.5227 0.7804
vn 0.9153 0.3498 0.1998
vn 0.8621 0.0264 -0.5060
vn 0.3015 -0.3061 -0.9030
vn -0.4252 -0.4605 -0.7792
vn -0.9090 -0.3561 -0.2167
vn -0.8814 -0.0512 0.4695
vn -0.3460 0.2879 0.8930
vn 0.4060 0.4608 0.7892
vn 0.9543 0.1682 0.2470
vn 0.8654 -0.0138 -0.5009
vn 0.2765 -0.1837 -0.9433
vn -0.4600 -0.2491 -0.8522
vn -0.9417 -0.1759 -0.2867
vn -0.8940 -0.0011 0.4481
vn -0.3194 0.1782 0.9307
vn 0.4579 0.2508 0.8529
vn 0.9709 0.0176 0.2390
vn 0.8501 0.0803 -0.5205
vn 0.2594 0.0986 -0.9607
vn -0.4603 0.0644 -0.8854
vn -0.9455 -0.0049 -0.3255
vn -0.8926 -0.0671 0.4458
vn -0.2904 -0.0784 0.9537
vn 0.4929 -0.0455 0.8689
vn 0.9900 -0.0740 0.1205
vn 0.8255 0.4074 -0.3906
vn 0.2406 0.6753 -0.6972
vn -0.4691 0.5995 -0.6485
vn -0.9364 0.2213 -0.2723
vn -0.9212 -0.2885 0.2609
vn -0.3019 -0.6661 0.6820
vn 0.5785 -0.5512 0.6012
vn 0.9831 -0.1827 0.0151
vn 0.8246 0.5641 -0.0431
vn 0.2212 0.9721 -0.0783
vn -0.4906 0.8683 -0.0728
vn -0.9545 0.2968 -0.0291
vn -0.8828 -0.4690 0.0257
vn -0.2612 -0.9639 0.0518
vn 0.5337 -0.8442 0.0507
vn 0.9695 -0.2158 -0.1163
vn 0.8491 0.5217 0.0828
vn 0.2362 0.9444 0.2288
vn -0.5045 0.8282 0.2441
vn -0.9628 0.2416 0.1211
vn -0.8680 -0.4909 -0.0754
vn -0.2604 -0.9375 -0.2310
vn 0.5052 -0.8263 -0.2489
vn 0.9551 -0.2056 -0.2133
vn 0.8532 0.5203 0.0373
vn 0.2425 0.9334 0.2645
vn -0.5068 0.7945 0.3346
vn -0.9578 0.1957 0.2106
vn -0.8573 -0.5137 -0.0340
vn -0.2639 -0.9290 -0.2595
vn 0.4868 -0.8065 -0.3356
vn 0.9303 -0.1937 -0.3116
vn 0.8273 0.5518 -0.1050
vn 0.2185 0.9616 0.1659
vn -0.5176 0.7876 0.3344
vn -0.9398 0.1535 0.3054
vn -0.8219 -0.5602 0.1034
vn -0.2437 -0.9573 -0.1558
vn 0.4774 -0.8148 -0.3288
vn 0.8811 -0.1998 -0.4286
vn 0.7378 0.5722 -0.3581
vn 0.1236 0.9906 -0.0589
vn -0.5580 0.7839 0.2722
vn -0.8926 0.1221 0.4340
vn -0.7224 -0.5962 0.3503
vn -0.1571 -0.9847 0.0751
vn 0.4983 -0.8322 -0.2433
vn 0.8709 -0.1397 -0.4712
vn 0.6838 0.5895 -0.4300
vn 0.1134 0.9826 -0.1474
vn -0.5261 0.8211 0.2213
vn -0.8668 0.1774 0.4660
vn -0.6914 -0.5777 0.4339
vn -0.0982 -0.9853 0.1396
vn 0.5533 -0.7982 -0.2383
vn 0.9222 -0.1310 -0.3637
vn 0.7828 0.5846 -0.2133
vn 0.2125 0.9757 0.0541
vn -0.4792 0.8273 0.2931
vn -0.9080 0.2001 0.3680
vn -0.7947 -0.5655 0.2206
vn -0.1777 -0.9817 -0.0679
vn 0.5393 -0.7831 -0.3096
vn 0.9493 -0.1803 -0.2576
vn 0.8439 0.5356 -0.0312
vn 0.2536 0.9435 0.2132
vn -0.4880 0.8058 0.3354
vn -0.9469 0.1904 0.2592
vn -0.8416 -0.5394 0.0276
vn -0.2370 -0.9464 -0.2193
vn 0.5050 -0.7949 -0.3363
vn 0.9568 -0.2129 -0.1978
vn 0.8545 0.5194 -0.0042
vn 0.2471 0.9495 0.1935
vn -0.5102 0.8144 0.2763
vn -0.9621 0.1920 0.1937
vn -0.8415 -0.5403 -0.0024
vn -0.2334 -0.9526 -0.1950
vn 0.5058 -0.8176 -0.2752
vn 0.9606 -0.2447 -0.1318
vn 0.8515 0.5174 -0.0851
vn 0.2234 0.9746 0.0170
vn -0.5452 0.8314 0.1075
vn -0.9750 0.1785 0.1324
vn -0.8192 -0.5676 0.0822
vn -0.2059 -0.9785 -0.0120
vn 0.5166 -0.8504 -0.0992
vn 0.9661 -0.2577 -0.0145
vn 0.8433 0.4418 -0.3060
vn 0.1756 0.8941 -0.4121
vn -0.6196 0.7463 -0.2432
vn -0.9890 0.1265 0.0772
vn -0.7720 -0.5359 0.3418
vn -0.1484 -0.8964 0.4177
vn 0.5506 -0.7878 0.2761
vn 0.9816 -0.1649 0.0961
vn 0.8080 0.2155 -0.5483
vn 0.1017 0.4752 -0.8740
vn -0.6821 0.4130 -0.6035
vn -0.9952 0.0882 0.0420
vn -0.7259 -0.2726 0.6315
vn -0.0783 -0.4808 0.8733
vn 0.6080 -0.4395 0.6613
vn 0.9908 -0.0924 0.0987
vn 0.7612 0.0556 -0.6462
vn 0.0600 0.1652 -0.9844
vn -0.6738 0.1742 -0.7181
vn -0.9973 0.0736 0.0003
vn -0.7087 -0.0734 0.7017
vn -0.0486 -0.1745 0.9835
vn 0.6286 -0.1838 0.7557
vt 0.000000 1.000000
vt 0.035714 1.000000
vt 0.035714 0.875000
vt 0.000000 0.875000
vt 0.000000 0.125000
vt 0.035714 0.125000
vt 0.035714 0.000000
vt 0.000000 0.000000
vt 0.000000 0.250000
vt 0.035714 0.250000
vt 0.000000 0.375000
vt 0.035714 0.375000
vt 0.000000 0.500000
vt 0.035714 0.500000
vt 0.000000 0.625000
vt 0.035714 0.625000
vt 0.000000 0.750000
vt 0.035714 0.750000
vt 0.071429 1.000000
vt 0.071429 0.875000
vt 0.071429 0.125000
vt 0.071429 0.000000
vt 0.071429 0.250000
vt 0.071429 0.375000
vt 0.071429 0.500000
vt 0.071429 0.625000
vt 0.071429 0.750000
vt 0.107143 1.000000
vt 0.107143 0.875000
vt 0.107143 0.125000
vt 0.107143 0.000000
vt 0.107143 0.250000
vt 0.107143 0.375000
vt 0.107143 0.500000
vt 0.107143 0.625000
vt 0.107143 0.750000
vt 0.142857 1.000000
vt 0.142857 0.875000
vt 0.142857 0.125000
vt 0.142857 0.000000
vt 0.142857 0.250000
vt 0.142857 0.375000
vt 0.142857 0.500000
vt 0.142857 0.625000
vt 0.142857 0.750000
vt 0.178571 1.000000
vt 0.178571 0.875000
vt 0.178571 0.125000
vt 0.178571 0.000000
vt 0.178571 0.250000
vt 0.178571 0.375000
vt 0.178571 0.500000
vt 0.178571 0.625000
vt 0.178571 0.750000
vt 0.214286 1.000000
vt 0.214286 0.875000
vt 0.214286 0.125000
vt 0.214286 0.000000
vt 0.214286 0.250000
vt 0.214286 0.375000
vt 0.214286 0.500000
vt 0.214286 0.625000
vt 0.214286 0.750000
vt 0.250000 1.000000
vt 0.250000 0.875000
vt 0.250000 0.125000
vt 0.250000 0.000000
vt 0.250000 0.250000
vt 0.250000 0.375000
vt 0.250000 0.500000
vt 0.250000 0.625000
vt 0.250000 0.750000
vt 0.285714 1.000000
vt 0.285714 0.875000
vt 0.285714 0.125000
vt 0.285714 0.000000
vt 0.285714 0.250000
vt 0.285714 0.375000
vt 0.285714 0.500000
vt 0.285714 0.625000
vt 0.285714 0.750000
vt 0.321429 1.000000
vt 0.321429 0.875000
vt 0.321429 0.125000
vt 0.321429 0.000000
vt 0.321429 0.250000
vt 0.321429 0.375000
vt 0.321429 0.500000
vt 0.321429 0.625000
vt 0.321429 0.750000
vt 0.357143 1.000000
vt 0.357143 0.875000
vt 0.357143 0.125000
vt 0.357143 0.000000
vt 0.357143 0.250000
vt 0.357143 0.375000
vt 0.357143 0.500000
vt 0.357143 0.625000
vt 0.357143 0.750000
vt 0.392857 1.000000
vt 0.392857 0.875000
vt 0.392857 0.125000
vt 0.392857 0.000000
vt 0.392857 0.250000
vt 0.392857 0.375000
vt 0.392857 0.500000
vt 0.392857 0.625000
vt 0.392857 0.750000
vt 0.428571 1.000000
vt 0.428571 0.875000
vt 0.428571 0.125000
vt 0.428571 0.000000
vt 0.428571 0.250000
vt 0.428571 0.375000
vt 0.428571 0.500000
vt 0.428571 0.625000
vt 0.428571 0.750000
vt 0.464286 1.000000
vt 0.464286 0.875000
vt 0.464286 0.125000
vt 0.464286 0.000000
vt 0.464286 0.250000
vt 0.464286 0.375000
vt 0.464286 0.500000
vt 0.464286 0.625000
vt 0.464286 0.750000
vt 0.500000 1.000000
vt 0.500000 0.875000
vt 0.500000 0.125000
vt 0.500000 0.000000
vt 0.500000 0.250000
vt 0.500000 0.375000
vt 0.500000 0.500000
vt 0.500000 0.625000
vt 0.500000 0.750000
vt 0.535714 1.000000
vt 0.535714 0.875000
vt 0.535714 0.125000
vt 0.535714 0.000000
vt 0.535714 0.250000
vt 0.535714 0.375000
vt 0.535714 0.500000
vt 0.535714 0.625000
vt 0.535714 0.750000
vt 0.571429 1.000000
vt 0.571429 0.875000
vt 0.571429 0.125000
vt 0.571429 0.000000
vt 0.571429 0.250000
vt 0.571429 0.375000
vt 0.571429 0.500000
vt 0.571429 0.625000
vt 0.571429 0.750000
vt 0.607143 1.000000
vt 0.607143 0.875000
vt 0.607143 0.125000
vt 0.607143 0.000000
vt 0.607143 0.250000
vt 0.607143 0.375000
vt 0.607143 0.500000
vt 0.607143 0.625000
vt 0.607143 0.750000
vt 0.642857 1.000000
vt 0.642857 0.875000
vt 0.642857 0.125000
vt 0.642857 0.000000
vt 0.642857 0.250000
vt 0.642857 0.375000
vt 0.642857 0.500000
vt 0.642857 0.625000
vt 0.642857 0.750000
vt 0.678571 1.000000
vt 0.678571 0.875000
vt 0.678571 0.125000
vt 0.678571 0.000000
vt 0.678571 0.250000
vt 0.678571 0.375000
vt 0.678571 0.500000
vt 0.678571 0.625000
vt 0.678571 0.750000
vt 0.714286 1.000000
vt 0.714286 0.875000
vt 0.714286 0.125000
vt 0.714286 0.000000
vt 0.714286 0.250000
vt 0.714286 0.375000
vt 0.714286 0.500000
vt 0.714286 0.625000
vt 0.714286 0.750000
vt 0.750000 1.000000
vt 0.750000 0.875000
vt 0.750000 0.125000
vt 0.750000 0.000000
vt 0.750000 0.250000
vt 0.750000 0.375000
vt 0.750000 0.500000
vt 0.750000 0.625000
vt 0.750000 0.750000
vt 0.785714 1.000000
vt 0.785714 0.875000
vt 0.785714 0.125000
vt 0.785714 0.000000
vt 0.785714 0.250000
vt 0.785714 0.375000
vt 0.785714 0.500000
vt 0.785714 0.625000
vt 0.785714 0.750000
vt 0.821429 1.000000
vt 0.821429 0.875000
vt 0.821429 0.125000
vt 0.821429 0.000000
vt 0.821429 0.250000
vt 0.821429 0.375000
vt 0.821429 0.500000
vt 0.821429 0.625000
vt 0.821429 0.750000
vt 0.857143 1.000000
vt 0.857143 0.875000
vt 0.857143 0.125000
vt 0.857143 0.000000
vt 0.857143 0.250000
vt 0.857143 0.375000
vt 0.857143 0.500000
vt 0.857143 0.625000
vt 0.857143 0.750000
vt 0.892857 1.000000
vt 0.892857 0.875000
vt 0.892857 0.125000
vt 0.892857 0.000000
vt 0.892857 0.250000
vt 0.892857 0.375000
vt 0.892857 0.500000
vt 0.892857 0.625000
vt 0.892857 0.750000
vt 0.928571 1.000000
vt 0.928571 0.875000
vt 0.928571 0.125000
vt 0.928571 0.000000
vt 0.928571 0.250000
vt 0.928571 0.375000
vt 0.928571 0.500000
vt 0.928571 0.625000
vt 0.928571 0.750000
vt 0.964286 1.000000
vt 0.964286 0.875000
vt 0.964286 0.125000
vt 0.964286 0.000000
vt 0.964286 0.250000
vt 0.964286 0.375000
vt 0.964286 0.500000
vt 0.964286 0.625000
vt 0.964286 0.750000
vt 1.000000 1.000000
vt 1.000000 0.875000
vt 1.000000 0.125000
vt 1.000000 0.000000
vt 1.000000 0.250000
vt 1.000000 0.375000
vt 1.000000 0.500000
vt 1.000000 0.625000
vt 1.000000 0.750000
s 1
usemtl _Red
f 497/459/383 505/460/391 512/461/398 504/462/390
f 498/463/384 506/464/392 505/465/391 497/466/383
f 499/467/385 507/468/393 506/464/392 498/463/384
f 500/469/386 508/470/394 507/468/393 499/467/385
f 501/471/387 509/472/395 508/470/394 500/469/386
f 502/473/388 510/474/396 509/472/395 501/471/387
f 503/475/389 511/476/397 510/474/396 502/473/388
f 504/462/390 512/461/398 511/476/397 503/475/389
f 505/460/391 513/477/399 520/478/406 512/461/398
f 506/464/392 514/479/400 513/480/399 505/465/391
f 507/468/393 515/481/401 514/479/400 506/464/392
f 508/470/394 516/482/402 515/481/401 507/468/393
f 509/472/395 517/483/403 516/482/402 508/470/394
f 510/474/396 518/484/404 517/483/403 509/472/395
f 511/476/397 519/485/405 518/484/404 510/474/396
f 512/461/398 520/478/406 519/485/405 511/476/397
f 513/477/399 521/486/407 528/487/414 520/478/406
f 514/479/400 522/488/408 521/489/407 513/480/399
f 515/481/401 523/490/409 522/488/408 514/479/400
f 516/482/402 524/491/410 523/490/409 515/481/401
f 517/483/403 525/492/411 524/491/410 516/482/402
f 518/484/404 526/493/412 525/492/411 517/483/403
f 519/485/405 527/494/413 526/493/412 518/484/404
f 520/478/406 528/487/414 527/494/413 519/485/405
f 521/486/407 529/495/415 536/496/422 528/487/414
f 522/488/408 530/497/416 529/498/415 521/489/407
f 523/490/409 531/499/417 530/497/416 522/488/408
f 524/491/410 532/500/418 531/499/417 523/490/409
f 525/492/411 533/501/419 532/500/418 524/491/410
f 526/493/412 534/502/420 533/501/419 525/492/411
f 527/494/413 535/503/421 534/502/420 526/493/412
f 528/487/414 536/496/422 535/503/421 527/494/413
f 529/495/415 537/504/423 544/505/430 536/496/422
f 530/497/416 538/506/424 537/507/423 529/498/415
f 531/499/417 539/508/425 538/506/424 530/497/416
f 532/500/418 540/509/426 539/508/425 531/499/417
f 533/501/419 541/510/427 540/509/426 532/500/418
f 534/502/420 542/511/428 541/510/427 533/501/419
f 535/503/421 543/512/429 542/511/428 534/502/420
f 536/496/422 544/505/430 543/512/429 535/503/421
f 537/504/423 545/513/431 552/514/438 544/505/430
f 538/506/424 546/515/432 545/516/431 537/507/423
f 539/508/425 547/517/433 546/515/432 538/506/424
f 540/509/426 548/518/434 547/517/433 539/508/425
f 541/510/427 549/519/435 548/518/434 540/509/426
f 542/511/428 550/520/436 549/519/435 541/510/427
f 543/512/429 551/521/437 550/520/436 542/511/428
f 544/505/430 552/514/438 551/521/437 543/512/429
f 545/513/431 553/522/439 560/523/446 552/514/438
f 546/515/432 554/524/440 553/525/439 545/516/431
f 547/517/433 555/526/441 554/524/440 546/515/432
f 548/518/434 556/527/442 555/526/441 547/517/433
f 549/519/435 557/528/443 556/527/442 548/518/434
f 550/520/436 558/529/444 557/528/443 549/519/435
f 551/521/437 559/530/445 558/529/444 550/520/436
f 552/514/438 560/523/446 559/530/445 551/521/437
f 553/522/439 561/531/447 568/532/454 560/523/446
f 554/524/440 562/533/448 561/534/447 553/525/439
f 555/526/441 563/535/449 562/533/448 554/524/440
f 556/527/442 564/536/450 563/535/449 555/526/441
f 557/528/443 565/537/451 564/536/450 556/527/442
f 558/529/444 566/538/452 565/537/451 557/528/443
f 559/530/445 567/539/453 566/538/452 558/529/444
f 560/523/446 568/532/454 567/539/453 559/530/445
f 561/531/447 569/540/455 576/541/462 568/532/454
f 562/533/448 570/542/456 569/543/455 561/534/447
f 563/535/449 571/544/457 570/542/456 562/533/448
f 564/536/450 572/545/458 571/544/457 563/535/449
f 565/537/451 573/546/459 572/545/458 564/536/450
f 566/538/452 574/547/460 573/546/459 565/537/451
f 567/539/453 575/548/461 574/547/460 566/538/452
f 568/532/454 576/541/462 575/548/461 567/539/453
f 569/540/455 577/549/463 584/550/470 576/541/462
f 570/542/456 578/551/464 577/552/463 569/543/455
f 571/544/457 579/553/465 578/551/464 570/542/456
f 572/545/458 580/554/466 579/553/465 571/544/457
f 573/546/459 581/555/467 580/554/466 572/545/458
f 574/547/460 582/556/468 581/555/467 573/546/459
f 575/548/461 583/557/469 582/556/468 574/547/460
f 576/541/462 584/550/470 583/557/469 575/548/461
f 577/549/463 585/558/471 592/559/478 584/550/470
f 578/551/464 586/560/472 585/561/471 577/552/463
f 579/553/465 587/562/473 586/560/472 578/551/464
f 580/554/466 588/563/474 587/562/473 579/553/465
f 581/555/467 589/564/475 588/563/474 580/554/466
f 582/556/468 590/565/476 589/564/475 581/555/467
f 583/557/469 591/566/477 590/565/476 582/556/468
f 584/550/470 592/559/478 591/566/477 583/557/469
f 585/558/471 593/567/479 600/568/486 592/559/478
f 586/560/472 594/569/480 593/570/479 585/561/471
f 587/562/473 595/571/481 594/569/480 586/560/472
f 588/563/474 596/572/482 595/571/481 587/562/473
f 589/564/475 597/573/483 596/572/482 588/563/474
f 590/565/476 598/574/484 597/573/483 589/564/475
f 591/566/477 599/575/485 598/574/484 590/565/476
f 592/559/478 600/568/486 599/575/485 591/566/477
f 593/567/479 601/576/487 608/577/494 600/568/486
f 594/569/480 602/578/488 601/579/487 593/570/479
f 595/571/481 603/580/489 602/578/488 594/569/480
f 596/572/482 604/581/490 603/580/489 595/571/481
f 597/573/483 605/582/491 604/581/490 596/572/482
f 598/574/484 606/583/492 605/582/491 597/573/483
f 599/575/485 607/584/493 606/583/492 598/574/484
f 600/568/486 608/577/494 607/584/493 599/575/485
f 601/576/487 609/585/495 616/586/502 608/577/494
f 602/578/488 610/587/496 609/588/495 601/579/487
f 603/580/489 611/589/497 610/587/496 602/578/488
f 604/581/490 612/590/498 611/589/497 603/580/489
f 605/582/491 613/591/499 612/590/498 604/581/490
f 606/583/492 614/592/500 613/591/499 605/582/491
f 607/584/493 615/593/501 614/592/500 606/583/492
f 608/577/494 616/586/502 615/593/501 607/584/493
f 609/585/495 617/594/503 624/595/510 616/586/502
f 610/587/496 618/596/504 617/597/503 609/588/495
f 611/589/497 619/598/505 618/596/504 610/587/496
f 612/590/498 620/599/506 619/598/505 611/589/497
f 613/591/499 621/600/507 620/599/506 612/590/498
f 614/592/500 622/601/508 621/600/507 613/591/499
f 615/593/501 623/602/509 622/601/508 614/592/500
f 616/586/502 624/595/510 623/602/509 615/593/501
f 617/594/503 625/603/511 632/604/518 624/595/510
f 618/596/504 626/605/512 625/606/511 617/597/503
f 619/598/505 627/607/513 626/605/512 618/596/504
f 620/599/506 628/608/514 627/607/513 619/598/505
f 621/600/507 629/609/515 628/608/514 620/599/506
f 622/601/508 630/610/516 629/609/515 621/600/507
f 623/602/509 631/611/517 630/610/516 622/601/508
f 624/595/510 632/604/518 631/611/517 623/602/509
f 625/603/511 633/612/519 640/613/526 632/604/518
f 626/605/512 634/614/520 633/615/519 625/606/511
f 627/607/513 635/616/521 634/614/520 626/605/512
f 628/608/514 636/617/522 635/616/521 627/607/513
f 629/609/515 637/618/523 636/617/522 628/608/514
f 630/610/516 638/619/524 637/618/523 629/609/515
f 631/611/517 639/620/525 638/619/524 630/610/516
f 632/604/518 640/613/526 639/620/525 631/611/517
f 633/612/519 641/621/527 648/622/534 640/613/526
f 634/614/520 642/623/528 641/624/527 633/615/519
f 635/616/521 643/625/529 642/623/528 634/614/520
f 636/617/522 644/626/530 643/625/529 635/616/521
f 637/618/523 645/627/531 644/626/530 636/617/522
f 638/619/524 646/628/532 645/627/531 637/618/523
f 639/620/525 647/629/533 646/628/532 638/619/524
f 640/613/526 648/622/534 647/629/533 639/620/525
f 641/621/527 649/630/535 656/631/542 648/622/534
f 642/623/528 650/632/536 649/633/535 641/624/527
f 643/625/529 651/634/537 650/632/536 642/623/528
f 644/626/530 652/635/538 651/634/537 643/625/529
f 645/627/531 653/636/539 652/635/538 644/626/530
f 646/628/532 654/637/540 653/636/539 645/627/531
f 647/629/533 655/638/541 654/637/540 646/628/532
f 648/622/534 656/631/542 655/638/541 647/629/533
f 649/630/535 657/639/543 664/640/550 656/631/542
f 650/632/536 658/641/544 657/642/543 649/633/535
f 651/634/537 659/643/545 658/641/544 650/632/536
f 652/635/538 660/644/546 659/643/545 651/634/537
f 653/636/539 661/645/547 660/644/546 652/635/538
f 654/637/540 662/646/548 661/645/547 653/636/539
f 655/638/541 663/647/549 662/646/548 654/637/540
f 656/631/542 664/640/550 663/647/549 655/638/541
f 657/639/543 665/648/551 672/649/558 664/640/550
f 658/641/544 666/650/552 665/651/551 657/642/543
f 659/643/545 667/652/553 666/650/552 658/641/544
f 660/644/546 668/653/554 667/652/553 659/643/545
f 661/645/547 669/654/555 668/653/554 660/644/546
f 662/646/548 670/655/556 669/654/555 661/645/547
f 663/647/549 671/656/557 670/655/556 662/646/548
f 664/640/550 672/649/558 671/656/557 663/647/549
f 665/648/551 673/657/559 680/658/566 672/649/558
f 666/650/552 674/659/560 673/660/559 665/651/551
f 667/652/553 675/661/561 674/659/560 666/650/552
f 668/653/554 676/662/562 675/661/561 667/652/553
f 669/654/555 677/663/563 676/662/562 668/653/554
f 670/655/556 678/664/564 677/663/563 669/654/555
f 671/656/557 679/665/565 678/664/564 670/655/556
f 672/649/558 680/658/566 679/665/565 671/656/557
f 673/657/559 681/666/567 688/667/574 680/658/566
f 674/659/560 682/668/568 681/669/567 673/660/559
f 675/661/561 683/670/569 682/668/568 674/659/560
f 676/662/562 684/671/570 683/670/569 675/661/561
f 677/663/563 685/672/571 684/671/570 676/662/562
f 678/664/564 686/673/572 685/672/571 677/663/563
f 679/665/565 687/674/573 686/673/572 678/664/564
f 680/658/566 688/667/574 687/674/573 679/665/565
f 681/666/567 689/675/575 696/676/582 688/667/574
f 682/668/568 690/677/576 689/678/575 681/669/567
f 683/670/569 691/679/577 690/677/576 682/668/568
f 684/671/570 692/680/578 691/679/577 683/670/569
f 685/672/571 693/681/579 692/680/578 684/671/570
f 686/673/572 694/682/580 693/681/579 685/672/571
f 687/674/573 695/683/581 694/682/580 686/673/572
f 688/667/574 696/676/582 695/683/581 687/674/573
f 689/675/575 697/684/583 704/685/590 696/676/582
f 690/677/576 698/686/584 697/687/583 689/678/575
f 691/679/577 699/688/585 698/686/584 690/677/576
f 692/680/578 700/689/586 699/688/585 691/679/577
f 693/681/579 701/690/587 700/689/586 692/680/578
f 694/682/580 702/691/588 701/690/587 693/681/579
f 695/683/581 703/692/589 702/691/588 694/682/580
f 696/676/582 704/685/590 703/692/589 695/683/581
f 697/684/583 705/693/591 712/694/598 704/685/590
f 698/686/584 706/695/592 705/696/591 697/687/583
f 699/688/585 707/697/593 706/695/592 698/686/584
f 700/689/586 708/698/594 707/697/593 699/688/585
f 701/690/587 709/699/595 708/698/594 700/689/586
f 702/691/588 710/700/596 709/699/595 701/690/587
f 703/692/589 711/701/597 710/700/596 702/691/588
f 704/685/590 712/694/598 711/701/597 703/692/589
f 705/693/591 713/702/599 720/703/606 712/694/598
f 706/695/592 714/704/600 713/705/599 705/696/591
f 707/697/593 715/706/601 714/704/600 706/695/592
f 708/698/594 716/707/602 715/706/601 707/697/593
f 709/699/595 717/708/603 716/707/602 708/698/594
f 710/700/596 718/709/604 717/708/603 709/699/595
f 711/701/597 719/710/605 718/709/604 710/700/596
f 712/694/598 720/703/606 719/710/605 711/701/597
f 713/702/599 721/711/607 728/712/614 720/703/606
f 714/704/600 722/713/608 721/714/607 713/705/599
f 715/706/601 723/715/609 722/713/608 714/704/600
f 716/707/602 724/716/610 723/715/609 715/706/601
f 717/708/603 725/717/611 724/716/610 716/707/602
f 718/709/604 726/718/612 725/717/611 717/708/603
f 719/710/605 727/719/613 726/718/612 718/709/604
f 720/703/606 728/712/614 727/719/613 719/710/605
o BézierCurve.002
v 0.004269 -0.170985 -0.359442
v 0.002147 -0.170106 -0.359441
v 0.000026 -0.170985 -0.359443
v -0.000853 -0.173106 -0.359447
v 0.000026 -0.175228 -0.359450
v 0.002147 -0.176106 -0.359450
v 0.004269 -0.175228 -0.359448
v 0.005147 -0.173106 -0.359444
v 0.003139 -0.169070 -0.333887
v 0.001070 -0.168280 -0.334492
v -0.001043 -0.169173 -0.334592
v -0.001962 -0.171226 -0.334127
v -0.001149 -0.173235 -0.333371
v 0.000921 -0.174025 -0.332766
v 0.003034 -0.173132 -0.332666
v 0.003953 -0.171079 -0.333131
v 0.000414 -0.164331 -0.325515
v -0.001139 -0.164439 -0.327202
v -0.003170 -0.165477 -0.327475
v -0.004487 -0.166835 -0.326174
v -0.004320 -0.167718 -0.324062
v -0.002766 -0.167610 -0.322375
v -0.000736 -0.166572 -0.322101
v 0.000581 -0.165214 -0.323402
v -0.003310 -0.157823 -0.327289
v -0.004168 -0.159146 -0.328958
v -0.006087 -0.160379 -0.329228
v -0.007942 -0.160798 -0.327941
v -0.008647 -0.160159 -0.325852
v -0.007788 -0.158836 -0.324183
v -0.005870 -0.157604 -0.323913
v -0.004015 -0.157184 -0.325199
v -0.007653 -0.150226 -0.333298
v -0.008415 -0.151717 -0.334869
v -0.010318 -0.152976 -0.335124
v -0.012247 -0.153266 -0.333913
v -0.013073 -0.152417 -0.331946
v -0.012310 -0.150926 -0.330375
v -0.010407 -0.149666 -0.330120
v -0.008478 -0.149377 -0.331331
v -0.011912 -0.142780 -0.337370
v -0.013215 -0.143326 -0.339180
v -0.015205 -0.144434 -0.339473
v -0.016716 -0.145454 -0.338077
v -0.016863 -0.145789 -0.335810
v -0.015560 -0.145243 -0.334000
v -0.013570 -0.144135 -0.333707
v -0.012059 -0.143115 -0.335103
v -0.015160 -0.137119 -0.332509
v -0.017161 -0.136449 -0.333415
v -0.019263 -0.137361 -0.333563
v -0.020235 -0.139321 -0.332866
v -0.019507 -0.141181 -0.331733
v -0.017507 -0.141851 -0.330827
v -0.015405 -0.140939 -0.330680
v -0.014433 -0.138979 -0.331376
v -0.016373 -0.135054 -0.312858
v -0.018495 -0.134190 -0.313009
v -0.020610 -0.135080 -0.313074
v -0.021479 -0.137205 -0.313015
v -0.020594 -0.139318 -0.312867
v -0.018472 -0.140182 -0.312716
v -0.016357 -0.139291 -0.312651
v -0.015487 -0.137167 -0.312710
v -0.017324 -0.135140 -0.290862
v -0.019435 -0.134280 -0.291140
v -0.021534 -0.135176 -0.291386
v -0.022393 -0.137305 -0.291454
v -0.021507 -0.139418 -0.291305
v -0.019397 -0.140278 -0.291026
v -0.017297 -0.139381 -0.290781
v -0.016439 -0.137253 -0.290713
v -0.019777 -0.134640 -0.279181
v -0.021644 -0.133886 -0.280285
v -0.023604 -0.134843 -0.281001
v -0.024509 -0.136951 -0.280911
v -0.023829 -0.138975 -0.280066
v -0.021963 -0.139729 -0.278962
v -0.020003 -0.138772 -0.278245
v -0.019097 -0.136664 -0.278336
v -0.022943 -0.132681 -0.275598
v -0.023769 -0.132746 -0.277739
v -0.025352 -0.134000 -0.278831
v -0.026766 -0.135708 -0.278234
v -0.027181 -0.136870 -0.276298
v -0.026355 -0.136805 -0.274157
v -0.024772 -0.135551 -0.273065
v -0.023358 -0.133843 -0.273662
v -0.026110 -0.128573 -0.277139
v -0.026216 -0.129547 -0.279215
v -0.027725 -0.130896 -0.280301
v -0.029751 -0.131829 -0.279759
v -0.031109 -0.131801 -0.277907
v -0.031002 -0.130827 -0.275831
v -0.029494 -0.129478 -0.274745
v -0.027467 -0.128545 -0.275287
v -0.029126 -0.120987 -0.281187
v -0.029246 -0.121930 -0.283277
v -0.030898 -0.122942 -0.284510
v -0.033115 -0.123429 -0.284163
v -0.034598 -0.123106 -0.282440
v -0.034479 -0.122162 -0.280350
v -0.032826 -0.121151 -0.279118
v -0.030610 -0.120664 -0.279464
v -0.031394 -0.108841 -0.285481
v -0.031595 -0.109376 -0.287705
v -0.033344 -0.109901 -0.289097
v -0.035616 -0.110107 -0.288843
v -0.037081 -0.109874 -0.287090
v -0.036881 -0.109338 -0.284867
v -0.035132 -0.108814 -0.283474
v -0.032860 -0.108608 -0.283729
v -0.032273 -0.091089 -0.287565
v -0.032528 -0.090910 -0.289840
v -0.034321 -0.090857 -0.291274
v -0.036601 -0.090960 -0.291027
v -0.038033 -0.091159 -0.289244
v -0.037779 -0.091338 -0.286969
v -0.035986 -0.091391 -0.285535
v -0.033706 -0.091288 -0.285782
v -0.032517 -0.079613 -0.284341
v -0.032826 -0.078049 -0.285993
v -0.034652 -0.077129 -0.287038
v -0.036926 -0.077392 -0.286862
v -0.038316 -0.078684 -0.285570
v -0.038008 -0.080248 -0.283917
v -0.036182 -0.081168 -0.282873
v -0.033908 -0.080905 -0.283048
v -0.032833 -0.076657 -0.275419
v -0.033173 -0.074391 -0.275579
v -0.035019 -0.073030 -0.275683
v -0.037289 -0.073369 -0.275671
v -0.038655 -0.075211 -0.275550
v -0.038316 -0.077476 -0.275390
v -0.036470 -0.078838 -0.275286
v -0.034199 -0.078499 -0.275298
v -0.032520 -0.079270 -0.261900
v -0.032839 -0.077074 -0.261309
v -0.034669 -0.075764 -0.260856
v -0.036939 -0.076107 -0.260806
v -0.038318 -0.077902 -0.261189
v -0.037999 -0.080098 -0.261781
v -0.036169 -0.081408 -0.262234
v -0.033899 -0.081065 -0.262284
v -0.030856 -0.084811 -0.245325
v -0.031158 -0.082660 -0.244583
v -0.032965 -0.081416 -0.243903
v -0.035216 -0.081808 -0.243684
v -0.036594 -0.083607 -0.244054
v -0.036292 -0.085759 -0.244796
v -0.034485 -0.087003 -0.245476
v -0.032234 -0.086610 -0.245695
v -0.027140 -0.090430 -0.227396
v -0.027471 -0.088242 -0.226784
v -0.029252 -0.087031 -0.225988
v -0.031439 -0.087506 -0.225475
v -0.032751 -0.089388 -0.225545
v -0.032420 -0.091576 -0.226158
v -0.030639 -0.092788 -0.226954
v -0.028452 -0.092313 -0.227467
v -0.020701 -0.093266 -0.209738
v -0.021178 -0.091033 -0.209503
v -0.022935 -0.089828 -0.208647
v -0.024945 -0.090360 -0.207671
v -0.026028 -0.092315 -0.207146
v -0.025552 -0.094548 -0.207381
v -0.023794 -0.095752 -0.208237
v -0.021785 -0.095221 -0.209213
v -0.010659 -0.090439 -0.193561
v -0.011201 -0.088210 -0.193452
v -0.012952 -0.087005 -0.192584
v -0.014887 -0.087531 -0.191465
v -0.015872 -0.089478 -0.190750
v -0.015331 -0.091706 -0.190859
v -0.013579 -0.092911 -0.191728
v -0.011644 -0.092386 -0.192847
v -0.005477 -0.090410 -0.183051
v -0.005862 -0.088191 -0.182603
v -0.007632 -0.086985 -0.181774
v -0.009749 -0.087499 -0.181050
v -0.010975 -0.089431 -0.180855
v -0.010590 -0.091649 -0.181304
v -0.008820 -0.092855 -0.182133
v -0.006703 -0.092342 -0.182857
v -0.001447 -0.094582 -0.167658
v -0.001762 -0.092413 -0.166971
v -0.003558 -0.091188 -0.166233
v -0.005783 -0.091624 -0.165874
v -0.007135 -0.093466 -0.166107
v -0.006820 -0.095635 -0.166793
v -0.005024 -0.096859 -0.167532
v -0.002799 -0.096423 -0.167890
v 0.001625 -0.099862 -0.149916
v 0.001292 -0.097666 -0.149332
v -0.000533 -0.096401 -0.148746
v -0.002779 -0.096807 -0.148502
v -0.004132 -0.098647 -0.148742
v -0.003799 -0.100842 -0.149326
v -0.001974 -0.102107 -0.149912
v 0.000272 -0.101701 -0.150156
v 0.004000 -0.103230 -0.132077
v 0.003605 -0.100972 -0.131930
v 0.001740 -0.099666 -0.131637
v -0.000503 -0.100075 -0.131369
v -0.001811 -0.101961 -0.131283
v -0.001416 -0.104218 -0.131430
v 0.000449 -0.105525 -0.131723
v 0.002692 -0.105115 -0.131991
v 0.005900 -0.101617 -0.116457
v 0.005377 -0.099545 -0.117298
v 0.003438 -0.098344 -0.117567
v 0.001220 -0.098718 -0.117107
v 0.000021 -0.100447 -0.116188
v 0.000544 -0.102519 -0.115347
v 0.002483 -0.103719 -0.115078
v 0.004701 -0.103346 -0.115538
v 0.007526 -0.091931 -0.105555
v 0.006840 -0.090804 -0.107435
v 0.004814 -0.090114 -0.108265
v 0.002634 -0.090263 -0.107559
v 0.001578 -0.091166 -0.105731
v 0.002264 -0.092293 -0.103851
v 0.004290 -0.092983 -0.103021
v 0.006470 -0.092834 -0.103727
v 0.009069 -0.071299 -0.101888
v 0.008288 -0.071311 -0.104047
v 0.006212 -0.071217 -0.105024
v 0.004057 -0.071071 -0.104246
v 0.003085 -0.070960 -0.102168
v 0.003866 -0.070948 -0.100009
v 0.005942 -0.071042 -0.099032
v 0.008097 -0.071188 -0.099811
vn 0.7199 0.6938 -0.0198
vn 0.0063 0.9973 -0.0730
vn -0.7068 0.7027 -0.0821
vn -0.9990 -0.0144 -0.0425
vn -0.6901 -0.7233 0.0246
vn 0.0147 -0.9968 0.0782
vn 0.6986 -0.7101 0.0874
vn 0.9986 -0.0231 0.0474
vn 0.7496 0.6586 -0.0659
vn 0.0396 0.9620 -0.2701
vn -0.6887 0.6598 -0.3007
vn -0.9867 -0.0638 -0.1493
vn -0.6706 -0.7332 0.1127
vn 0.0092 -0.9515 0.3074
vn 0.6627 -0.6687 0.3372
vn 0.9808 -0.0309 0.1925
vn 0.8431 0.5284 -0.1000
vn 0.3841 0.5537 -0.7388
vn -0.4608 0.1301 -0.8779
vn -0.8774 -0.3560 -0.3216
vn -0.7392 -0.5830 0.3372
vn -0.2392 -0.5220 0.8187
vn 0.3943 -0.1958 0.8979
vn 0.8208 0.2227 0.5260
vn 0.8925 0.4021 -0.2045
vn 0.6183 -0.0676 -0.7830
vn -0.0237 -0.4877 -0.8727
vn -0.6656 -0.6079 -0.4330
vn -0.8828 -0.3708 0.2884
vn -0.5730 0.0565 0.8176
vn 0.0299 0.4391 0.8980
vn 0.6279 0.5949 0.5018
vn 0.9014 0.3543 -0.2490
vn 0.6295 -0.1363 -0.7649
vn 0.0195 -0.5359 -0.8441
vn -0.6119 -0.6465 -0.4557
vn -0.9051 -0.3657 0.2170
vn -0.6511 0.1510 0.7438
vn -0.0293 0.5656 0.8242
vn 0.6238 0.6542 0.4276
vn 0.7891 0.4981 -0.3595
vn 0.3564 0.3120 -0.8807
vn -0.2612 -0.0324 -0.9647
vn -0.7445 -0.3554 -0.5652
vn -0.8559 -0.5029 0.1207
vn -0.4763 -0.3577 0.8032
vn 0.3213 0.0869 0.9430
vn 0.8256 0.4324 0.3623
vn 0.6653 0.7249 -0.1785
vn 0.0202 0.8912 -0.4532
vn -0.6244 0.6039 -0.4955
vn -0.9570 0.0071 -0.2899
vn -0.7820 -0.6180 0.0809
vn -0.1031 -0.9081 0.4058
vn 0.6681 -0.5855 0.4591
vn 0.9688 0.1366 0.2066
vn 0.6940 0.7200 -0.0007
vn -0.0117 0.9985 -0.0533
vn -0.7007 0.7095 -0.0752
vn -0.9984 0.0137 -0.0540
vn -0.7087 -0.7055 -0.0031
vn 0.0089 -0.9990 0.0447
vn 0.7115 -0.6996 0.0656
vn 0.9987 0.0115 0.0492
vn 0.7093 0.7007 0.0765
vn 0.0078 0.9999 -0.0152
vn -0.7005 0.7073 -0.0950
vn -0.9927 -0.0102 -0.1200
vn -0.6842 -0.7258 -0.0711
vn 0.0302 -0.9992 0.0248
vn 0.7129 -0.6932 0.1062
vn 0.9919 -0.0003 0.1269
vn 0.7102 0.6811 0.1780
vn 0.0839 0.9802 -0.1795
vn -0.6070 0.6762 -0.4175
vn -0.9094 -0.0860 -0.4069
vn -0.6262 -0.7733 -0.0996
vn -0.0080 -0.9644 0.2643
vn 0.5943 -0.6472 0.4774
vn 0.8940 0.0069 0.4480
vn 0.7185 0.6507 0.2458
vn 0.5036 0.7124 -0.4888
vn -0.1325 0.2224 -0.9659
vn -0.6300 -0.4083 -0.6606
vn -0.6957 -0.7183 -0.0089
vn -0.4051 -0.6622 0.6304
vn 0.0949 -0.2691 0.9584
vn 0.5440 0.2555 0.7992
vn 0.8277 0.5391 0.1561
vn 0.8046 0.1790 -0.5662
vn 0.2957 -0.2765 -0.9144
vn -0.3889 -0.5599 -0.7316
vn -0.8386 -0.5350 -0.1030
vn -0.7862 -0.2214 0.5770
vn -0.3085 0.2006 0.9298
vn 0.3431 0.5227 0.7804
vn 0.9153 0.3498 0.1998
vn 0.8621 0.0264 -0.5060
vn 0.3015 -0.3061 -0.9030
vn -0.4252 -0.4605 -0.7792
vn -0.9090 -0.3561 -0.2167
vn -0.8814 -0.0512 0.4695
vn -0.3460 0.2879 0.8930
vn 0.4060 0.4608 0.7892
vn 0.9543 0.1682 0.2470
vn 0.8654 -0.0138 -0.5009
vn 0.2765 -0.1837 -0.9433
vn -0.4600 -0.2491 -0.8522
vn -0.9417 -0.1759 -0.2867
vn -0.8940 -0.0011 0.4481
vn -0.3194 0.1782 0.9307
vn 0.4579 0.2508 0.8529
vn 0.9709 0.0176 0.2390
vn 0.8501 0.0803 -0.5205
vn 0.2594 0.0986 -0.9607
vn -0.4603 0.0644 -0.8854
vn -0.9455 -0.0049 -0.3255
vn -0.8926 -0.0671 0.4458
vn -0.2904 -0.0784 0.9537
vn 0.4929 -0.0455 0.8689
vn 0.9900 -0.0740 0.1205
vn 0.8255 0.4074 -0.3906
vn 0.2406 0.6753 -0.6972
vn -0.4691 0.5995 -0.6485
vn -0.9364 0.2213 -0.2723
vn -0.9212 -0.2885 0.2609
vn -0.3019 -0.6661 0.6820
vn 0.5785 -0.5512 0.6012
vn 0.9831 -0.1827 0.0151
vn 0.8246 0.5641 -0.0431
vn 0.2212 0.9721 -0.0783
vn -0.4906 0.8683 -0.0728
vn -0.9545 0.2968 -0.0291
vn -0.8828 -0.4690 0.0257
vn -0.2612 -0.9639 0.0518
vn 0.5337 -0.8442 0.0507
vn 0.9695 -0.2158 -0.1163
vn 0.8491 0.5217 0.0828
vn 0.2362 0.9444 0.2288
vn -0.5045 0.8282 0.2441
vn -0.9628 0.2416 0.1211
vn -0.8680 -0.4909 -0.0754
vn -0.2604 -0.9375 -0.2310
vn 0.5052 -0.8263 -0.2489
vn 0.9551 -0.2056 -0.2133
vn 0.8532 0.5203 0.0373
vn 0.2425 0.9334 0.2645
vn -0.5068 0.7945 0.3346
vn -0.9578 0.1957 0.2106
vn -0.8573 -0.5137 -0.0340
vn -0.2639 -0.9290 -0.2595
vn 0.4868 -0.8065 -0.3356
vn 0.9303 -0.1937 -0.3116
vn 0.8273 0.5518 -0.1050
vn 0.2185 0.9616 0.1659
vn -0.5176 0.7876 0.3344
vn -0.9398 0.1535 0.3054
vn -0.8219 -0.5602 0.1034
vn -0.2437 -0.9573 -0.1558
vn 0.4774 -0.8148 -0.3288
vn 0.8811 -0.1998 -0.4286
vn 0.7378 0.5722 -0.3581
vn 0.1236 0.9906 -0.0589
vn -0.5580 0.7839 0.2722
vn -0.8926 0.1221 0.4340
vn -0.7224 -0.5962 0.3503
vn -0.1571 -0.9847 0.0751
vn 0.4983 -0.8322 -0.2433
vn 0.8709 -0.1397 -0.4712
vn 0.6838 0.5895 -0.4300
vn 0.1134 0.9826 -0.1474
vn -0.5261 0.8211 0.2213
vn -0.8668 0.1774 0.4660
vn -0.6914 -0.5777 0.4339
vn -0.0982 -0.9853 0.1396
vn 0.5533 -0.7982 -0.2383
vn 0.9222 -0.1310 -0.3637
vn 0.7828 0.5846 -0.2133
vn 0.2125 0.9757 0.0541
vn -0.4792 0.8273 0.2931
vn -0.9080 0.2001 0.3680
vn -0.7947 -0.5655 0.2206
vn -0.1777 -0.9817 -0.0679
vn 0.5393 -0.7831 -0.3096
vn 0.9493 -0.1803 -0.2576
vn 0.8439 0.5356 -0.0312
vn 0.2536 0.9435 0.2132
vn -0.4880 0.8058 0.3354
vn -0.9469 0.1904 0.2592
vn -0.8416 -0.5394 0.0276
vn -0.2370 -0.9464 -0.2193
vn 0.5050 -0.7949 -0.3363
vn 0.9568 -0.2129 -0.1978
vn 0.8545 0.5194 -0.0042
vn 0.2471 0.9495 0.1935
vn -0.5102 0.8144 0.2763
vn -0.9621 0.1920 0.1937
vn -0.8415 -0.5403 -0.0024
vn -0.2334 -0.9526 -0.1950
vn 0.5058 -0.8176 -0.2752
vn 0.9606 -0.2447 -0.1318
vn 0.8515 0.5174 -0.0851
vn 0.2234 0.9746 0.0170
vn -0.5452 0.8314 0.1075
vn -0.9750 0.1785 0.1324
vn -0.8192 -0.5676 0.0822
vn -0.2059 -0.9785 -0.0120
vn 0.5166 -0.8504 -0.0992
vn 0.9661 -0.2577 -0.0145
vn 0.8433 0.4418 -0.3060
vn 0.1756 0.8941 -0.4121
vn -0.6196 0.7463 -0.2432
vn -0.9890 0.1265 0.0772
vn -0.7720 -0.5359 0.3418
vn -0.1484 -0.8964 0.4177
vn 0.5506 -0.7878 0.2761
vn 0.9816 -0.1649 0.0961
vn 0.8080 0.2155 -0.5483
vn 0.1017 0.4752 -0.8740
vn -0.6821 0.4130 -0.6035
vn -0.9952 0.0882 0.0420
vn -0.7259 -0.2726 0.6315
vn -0.0783 -0.4808 0.8733
vn 0.6080 -0.4395 0.6613
vn 0.9908 -0.0924 0.0987
vn 0.7612 0.0556 -0.6462
vn 0.0600 0.1652 -0.9844
vn -0.6738 0.1742 -0.7181
vn -0.9973 0.0736 0.0003
vn -0.7087 -0.0734 0.7017
vn -0.0486 -0.1745 0.9835
vn 0.6286 -0.1838 0.7557
vt 0.000000 1.000000
vt 0.035714 1.000000
vt 0.035714 0.875000
vt 0.000000 0.875000
vt 0.000000 0.125000
vt 0.035714 0.125000
vt 0.035714 0.000000
vt 0.000000 0.000000
vt 0.000000 0.250000
vt 0.035714 0.250000
vt 0.000000 0.375000
vt 0.035714 0.375000
vt 0.000000 0.500000
vt 0.035714 0.500000
vt 0.000000 0.625000
vt 0.035714 0.625000
vt 0.000000 0.750000
vt 0.035714 0.750000
vt 0.071429 1.000000
vt 0.071429 0.875000
vt 0.071429 0.125000
vt 0.071429 0.000000
vt 0.071429 0.250000
vt 0.071429 0.375000
vt 0.071429 0.500000
vt 0.071429 0.625000
vt 0.071429 0.750000
vt 0.107143 1.000000
vt 0.107143 0.875000
vt 0.107143 0.125000
vt 0.107143 0.000000
vt 0.107143 0.250000
vt 0.107143 0.375000
vt 0.107143 0.500000
vt 0.107143 0.625000
vt 0.107143 0.750000
vt 0.142857 1.000000
vt 0.142857 0.875000
vt 0.142857 0.125000
vt 0.142857 0.000000
vt 0.142857 0.250000
vt 0.142857 0.375000
vt 0.142857 0.500000
vt 0.142857 0.625000
vt 0.142857 0.750000
vt 0.178571 1.000000
vt 0.178571 0.875000
vt 0.178571 0.125000
vt 0.178571 0.000000
vt 0.178571 0.250000
vt 0.178571 0.375000
vt 0.178571 0.500000
vt 0.178571 0.625000
vt 0.178571 0.750000
vt 0.214286 1.000000
vt 0.214286 0.875000
vt 0.214286 0.125000
vt 0.214286 0.000000
vt 0.214286 0.250000
vt 0.214286 0.375000
vt 0.214286 0.500000
vt 0.214286 0.625000
vt 0.214286 0.750000
vt 0.250000 1.000000
vt 0.250000 0.875000
vt 0.250000 0.125000
vt 0.250000 0.000000
vt 0.250000 0.250000
vt 0.250000 0.375000
vt 0.250000 0.500000
vt 0.250000 0.625000
vt 0.250000 0.750000
vt 0.285714 1.000000
vt 0.285714 0.875000
vt 0.285714 0.125000
vt 0.285714 0.000000
vt 0.285714 0.250000
vt 0.285714 0.375000
vt 0.285714 0.500000
vt 0.285714 0.625000
vt 0.285714 0.750000
vt 0.321429 1.000000
vt 0.321429 0.875000
vt 0.321429 0.125000
vt 0.321429 0.000000
vt 0.321429 0.250000
vt 0.321429 0.375000
vt 0.321429 0.500000
vt 0.321429 0.625000
vt 0.321429 0.750000
vt 0.357143 1.000000
vt 0.357143 0.875000
vt 0.357143 0.125000
vt 0.357143 0.000000
vt 0.357143 0.250000
vt 0.357143 0.375000
vt 0.357143 0.500000
vt 0.357143 0.625000
vt 0.357143 0.750000
vt 0.392857 1.000000
vt 0.392857 0.875000
vt 0.392857 0.125000
vt 0.392857 0.000000
vt 0.392857 0.250000
vt 0.392857 0.375000
vt 0.392857 0.500000
vt 0.392857 0.625000
vt 0.392857 0.750000
vt 0.428571 1.000000
vt 0.428571 0.875000
vt 0.428571 0.125000
vt 0.428571 0.000000
vt 0.428571 0.250000
vt 0.428571 0.375000
vt 0.428571 0.500000
vt 0.428571 0.625000
vt 0.428571 0.750000
vt 0.464286 1.000000
vt 0.464286 0.875000
vt 0.464286 0.125000
vt 0.464286 0.000000
vt 0.464286 0.250000
vt 0.464286 0.375000
vt 0.464286 0.500000
vt 0.464286 0.625000
vt 0.464286 0.750000
vt 0.500000 1.000000
vt 0.500000 0.875000
vt 0.500000 0.125000
vt 0.500000 0.000000
vt 0.500000 0.250000
vt 0.500000 0.375000
vt 0.500000 0.500000
vt 0.500000 0.625000
vt 0.500000 0.750000
vt 0.535714 1.000000
vt 0.535714 0.875000
vt 0.535714 0.125000
vt 0.535714 0.000000
vt 0.535714 0.250000
vt 0.535714 0.375000
vt 0.535714 0.500000
vt 0.535714 0.625000
vt 0.535714 0.750000
vt 0.571429 1.000000
vt 0.571429 0.875000
vt 0.571429 0.125000
vt 0.571429 0.000000
vt 0.571429 0.250000
vt 0.571429 0.375000
vt 0.571429 0.500000
vt 0.571429 0.625000
vt 0.571429 0.750000
vt 0.607143 1.000000
vt 0.607143 0.875000
vt 0.607143 0.125000
vt 0.607143 0.000000
vt 0.607143 0.250000
vt 0.607143 0.375000
vt 0.607143 0.500000
vt 0.607143 0.625000
vt 0.607143 0.750000
vt 0.642857 1.000000
vt 0.642857 0.875000
vt 0.642857 0.125000
vt 0.642857 0.000000
vt 0.642857 0.250000
vt 0.642857 0.375000
vt 0.642857 0.500000
vt 0.642857 0.625000
vt 0.642857 0.750000
vt 0.678571 1.000000
vt 0.678571 0.875000
vt 0.678571 0.125000
vt 0.678571 0.000000
vt 0.678571 0.250000
vt 0.678571 0.375000
vt 0.678571 0.500000
vt 0.678571 0.625000
vt 0.678571 0.750000
vt 0.714286 1.000000
vt 0.714286 0.875000
vt 0.714286 0.125000
vt 0.714286 0.000000
vt 0.714286 0.250000
vt 0.714286 0.375000
vt 0.714286 0.500000
vt 0.714286 0.625000
vt 0.714286 0.750000
vt 0.750000 1.000000
vt 0.750000 0.875000
vt 0.750000 0.125000
vt 0.750000 0.000000
vt 0.750000 0.250000
vt 0.750000 0.375000
vt 0.750000 0.500000
vt 0.750000 0.625000
vt 0.750000 0.750000
vt 0.785714 1.000000
vt 0.785714 0.875000
vt 0.785714 0.125000
vt 0.785714 0.000000
vt 0.785714 0.250000
vt 0.785714 0.375000
vt 0.785714 0.500000
vt 0.785714 0.625000
vt 0.785714 0.750000
vt 0.821429 1.000000
vt 0.821429 0.875000
vt 0.821429 0.125000
vt 0.821429 0.000000
vt 0.821429 0.250000
vt 0.821429 0.375000
vt 0.821429 0.500000
vt 0.821429 0.625000
vt 0.821429 0.750000
vt 0.857143 1.000000
vt 0.857143 0.875000
vt 0.857143 0.125000
vt 0.857143 0.000000
vt 0.857143 0.250000
vt 0.857143 0.375000
vt 0.857143 0.500000
vt 0.857143 0.625000
vt 0.857143 0.750000
vt 0.892857 1.000000
vt 0.892857 0.875000
vt 0.892857 0.125000
vt 0.892857 0.000000
vt 0.892857 0.250000
vt 0.892857 0.375000
vt 0.892857 0.500000
vt 0.892857 0.625000
vt 0.892857 0.750000
vt 0.928571 1.000000
vt 0.928571 0.875000
vt 0.928571 0.125000
vt 0.928571 0.000000
vt 0.928571 0.250000
vt 0.928571 0.375000
vt 0.928571 0.500000
vt 0.928571 0.625000
vt 0.928571 0.750000
vt 0.964286 1.000000
vt 0.964286 0.875000
vt 0.964286 0.125000
vt 0.964286 0.000000
vt 0.964286 0.250000
vt 0.964286 0.375000
vt 0.964286 0.500000
vt 0.964286 0.625000
vt 0.964286 0.750000
vt 1.000000 1.000000
vt 1.000000 0.875000
vt 1.000000 0.125000
vt 1.000000 0.000000
vt 1.000000 0.250000
vt 1.000000 0.375000
vt 1.000000 0.500000
vt 1.000000 0.625000
vt 1.000000 0.750000
s 1
usemtl _Red
f 729/720/615 737/721/623 744/722/630 736/723/622
f 730/724/616 738/725/624 737/726/623 729/727/615
f 731/728/617 739/729/625 738/725/624 730/724/616
f 732/730/618 740/731/626 739/729/625 731/728/617
f 733/732/619 741/733/627 740/731/626 732/730/618
f 734/734/620 742/735/628 741/733/627 733/732/619
f 735/736/621 743/737/629 742/735/628 734/734/620
f 736/723/622 744/722/630 743/737/629 735/736/621
f 737/721/623 745/738/631 752/739/638 744/722/630
f 738/725/624 746/740/632 745/741/631 737/726/623
f 739/729/625 747/742/633 746/740/632 738/725/624
f 740/731/626 748/743/634 747/742/633 739/729/625
f 741/733/627 749/744/635 748/743/634 740/731/626
f 742/735/628 750/745/636 749/744/635 741/733/627
f 743/737/629 751/746/637 750/745/636 742/735/628
f 744/722/630 752/739/638 751/746/637 743/737/629
f 745/738/631 753/747/639 760/748/646 752/739/638
f 746/740/632 754/749/640 753/750/639 745/741/631
f 747/742/633 755/751/641 754/749/640 746/740/632
f 748/743/634 756/752/642 755/751/641 747/742/633
f 749/744/635 757/753/643 756/752/642 748/743/634
f 750/745/636 758/754/644 757/753/643 749/744/635
f 751/746/637 759/755/645 758/754/644 750/745/636
f 752/739/638 760/748/646 759/755/645 751/746/637
f 753/747/639 761/756/647 768/757/654 760/748/646
f 754/749/640 762/758/648 761/759/647 753/750/639
f 755/751/641 763/760/649 762/758/648 754/749/640
f 756/752/642 764/761/650 763/760/649 755/751/641
f 757/753/643 765/762/651 764/761/650 756/752/642
f 758/754/644 766/763/652 765/762/651 757/753/643
f 759/755/645 767/764/653 766/763/652 758/754/644
f 760/748/646 768/757/654 767/764/653 759/755/645
f 761/756/647 769/765/655 776/766/662 768/757/654
f 762/758/648 770/767/656 769/768/655 761/759/647
f 763/760/649 771/769/657 770/767/656 762/758/648
f 764/761/650 772/770/658 771/769/657 763/760/649
f 765/762/651 773/771/659 772/770/658 764/761/650
f 766/763/652 774/772/660 773/771/659 765/762/651
f 767/764/653 775/773/661 774/772/660 766/763/652
f 768/757/654 776/766/662 775/773/661 767/764/653
f 769/765/655 777/774/663 784/775/670 776/766/662
f 770/767/656 778/776/664 777/777/663 769/768/655
f 771/769/657 779/778/665 778/776/664 770/767/656
f 772/770/658 780/779/666 779/778/665 771/769/657
f 773/771/659 781/780/667 780/779/666 772/770/658
f 774/772/660 782/781/668 781/780/667 773/771/659
f 775/773/661 783/782/669 782/781/668 774/772/660
f 776/766/662 784/775/670 783/782/669 775/773/661
f 777/774/663 785/783/671 792/784/678 784/775/670
f 778/776/664 786/785/672 785/786/671 777/777/663
f 779/778/665 787/787/673 786/785/672 778/776/664
f 780/779/666 788/788/674 787/787/673 779/778/665
f 781/780/667 789/789/675 788/788/674 780/779/666
f 782/781/668 790/790/676 789/789/675 781/780/667
f 783/782/669 791/791/677 790/790/676 782/781/668
f 784/775/670 792/784/678 791/791/677 783/782/669
f 785/783/671 793/792/679 800/793/686 792/784/678
f 786/785/672 794/794/680 793/795/679 785/786/671
f 787/787/673 795/796/681 794/794/680 786/785/672
f 788/788/674 796/797/682 795/796/681 787/787/673
f 789/789/675 797/798/683 796/797/682 788/788/674
f 790/790/676 798/799/684 797/798/683 789/789/675
f 791/791/677 799/800/685 798/799/684 790/790/676
f 792/784/678 800/793/686 799/800/685 791/791/677
f 793/792/679 801/801/687 808/802/694 800/793/686
f 794/794/680 802/803/688 801/804/687 793/795/679
f 795/796/681 803/805/689 802/803/688 794/794/680
f 796/797/682 804/806/690 803/805/689 795/796/681
f 797/798/683 805/807/691 804/806/690 796/797/682
f 798/799/684 806/808/692 805/807/691 797/798/683
f 799/800/685 807/809/693 806/808/692 798/799/684
f 800/793/686 808/802/694 807/809/693 799/800/685
f 801/801/687 809/810/695 816/811/702 808/802/694
f 802/803/688 810/812/696 809/813/695 801/804/687
f 803/805/689 811/814/697 810/812/696 802/803/688
f 804/806/690 812/815/698 811/814/697 803/805/689
f 805/807/691 813/816/699 812/815/698 804/806/690
f 806/808/692 814/817/700 813/816/699 805/807/691
f 807/809/693 815/818/701 814/817/700 806/808/692
f 808/802/694 816/811/702 815/818/701 807/809/693
f 809/810/695 817/819/703 824/820/710 816/811/702
f 810/812/696 818/821/704 817/822/703 809/813/695
f 811/814/697 819/823/705 818/821/704 810/812/696
f 812/815/698 820/824/706 819/823/705 811/814/697
f 813/816/699 821/825/707 820/824/706 812/815/698
f 814/817/700 822/826/708 821/825/707 813/816/699
f 815/818/701 823/827/709 822/826/708 814/817/700
f 816/811/702 824/820/710 823/827/709 815/818/701
f 817/819/703 825/828/711 832/829/718 824/820/710
f 818/821/704 826/830/712 825/831/711 817/822/703
f 819/823/705 827/832/713 826/830/712 818/821/704
f 820/824/706 828/833/714 827/832/713 819/823/705
f 821/825/707 829/834/715 828/833/714 820/824/706
f 822/826/708 830/835/716 829/834/715 821/825/707
f 823/827/709 831/836/717 830/835/716 822/826/708
f 824/820/710 832/829/718 831/836/717 823/827/709
f 825/828/711 833/837/719 840/838/726 832/829/718
f 826/830/712 834/839/720 833/840/719 825/831/711
f 827/832/713 835/841/721 834/839/720 826/830/712
f 828/833/714 836/842/722 835/841/721 827/832/713
f 829/834/715 837/843/723 836/842/722 828/833/714
f 830/835/716 838/844/724 837/843/723 829/834/715
f 831/836/717 839/845/725 838/844/724 830/835/716
f 832/829/718 840/838/726 839/845/725 831/836/717
f 833/837/719 841/846/727 848/847/734 840/838/726
f 834/839/720 842/848/728 841/849/727 833/840/719
f 835/841/721 843/850/729 842/848/728 834/839/720
f 836/842/722 844/851/730 843/850/729 835/841/721
f 837/843/723 845/852/731 844/851/730 836/842/722
f 838/844/724 846/853/732 845/852/731 837/843/723
f 839/845/725 847/854/733 846/853/732 838/844/724
f 840/838/726 848/847/734 847/854/733 839/845/725
f 841/846/727 849/855/735 856/856/742 848/847/734
f 842/848/728 850/857/736 849/858/735 841/849/727
f 843/850/729 851/859/737 850/857/736 842/848/728
f 844/851/730 852/860/738 851/859/737 843/850/729
f 845/852/731 853/861/739 852/860/738 844/851/730
f 846/853/732 854/862/740 853/861/739 845/852/731
f 847/854/733 855/863/741 854/862/740 846/853/732
f 848/847/734 856/856/742 855/863/741 847/854/733
f 849/855/735 857/864/743 864/865/750 856/856/742
f 850/857/736 858/866/744 857/867/743 849/858/735
f 851/859/737 859/868/745 858/866/744 850/857/736
f 852/860/738 860/869/746 859/868/745 851/859/737
f 853/861/739 861/870/747 860/869/746 852/860/738
f 854/862/740 862/871/748 861/870/747 853/861/739
f 855/863/741 863/872/749 862/871/748 854/862/740
f 856/856/742 864/865/750 863/872/749 855/863/741
f 857/864/743 865/873/751 872/874/758 864/865/750
f 858/866/744 866/875/752 865/876/751 857/867/743
f 859/868/745 867/877/753 866/875/752 858/866/744
f 860/869/746 868/878/754 867/877/753 859/868/745
f 861/870/747 869/879/755 868/878/754 860/869/746
f 862/871/748 870/880/756 869/879/755 861/870/747
f 863/872/749 871/881/757 870/880/756 862/871/748
f 864/865/750 872/874/758 871/881/757 863/872/749
f 865/873/751 873/882/759 880/883/766 872/874/758
f 866/875/752 874/884/760 873/885/759 865/876/751
f 867/877/753 875/886/761 874/884/760 866/875/752
f 868/878/754 876/887/762 875/886/761 867/877/753
f 869/879/755 877/888/763 876/887/762 868/878/754
f 870/880/756 878/889/764 877/888/763 869/879/755
f 871/881/757 879/890/765 878/889/764 870/880/756
f 872/874/758 880/883/766 879/890/765 871/881/757
f 873/882/759 881/891/767 888/892/774 880/883/766
f 874/884/760 882/893/768 881/894/767 873/885/759
f 875/886/761 883/895/769 882/893/768 874/884/760
f 876/887/762 884/896/770 883/895/769 875/886/761
f 877/888/763 885/897/771 884/896/770 876/887/762
f 878/889/764 886/898/772 885/897/771 877/888/763
f 879/890/765 887/899/773 886/898/772 878/889/764
f 880/883/766 888/892/774 887/899/773 879/890/765
f 881/891/767 889/900/775 896/901/782 888/892/774
f 882/893/768 890/902/776 889/903/775 881/894/767
f 883/895/769 891/904/777 890/902/776 882/893/768
f 884/896/770 892/905/778 891/904/777 883/895/769
f 885/897/771 893/906/779 892/905/778 884/896/770
f 886/898/772 894/907/780 893/906/779 885/897/771
f 887/899/773 895/908/781 894/907/780 886/898/772
f 888/892/774 896/901/782 895/908/781 887/899/773
f 889/900/775 897/909/783 904/910/790 896/901/782
f 890/902/776 898/911/784 897/912/783 889/903/775
f 891/904/777 899/913/785 898/911/784 890/902/776
f 892/905/778 900/914/786 899/913/785 891/904/777
f 893/906/779 901/915/787 900/914/786 892/905/778
f 894/907/780 902/916/788 901/915/787 893/906/779
f 895/908/781 903/917/789 902/916/788 894/907/780
f 896/901/782 904/910/790 903/917/789 895/908/781
f 897/909/783 905/918/791 912/919/798 904/910/790
f 898/911/784 906/920/792 905/921/791 897/912/783
f 899/913/785 907/922/793 906/920/792 898/911/784
f 900/914/786 908/923/794 907/922/793 899/913/785
f 901/915/787 909/924/795 908/923/794 900/914/786
f 902/916/788 910/925/796 909/924/795 901/915/787
f 903/917/789 911/926/797 910/925/796 902/916/788
f 904/910/790 912/919/798 911/926/797 903/917/789
f 905/918/791 913/927/799 920/928/806 912/919/798
f 906/920/792 914/929/800 913/930/799 905/921/791
f 907/922/793 915/931/801 914/929/800 906/920/792
f 908/923/794 916/932/802 915/931/801 907/922/793
f 909/924/795 917/933/803 916/932/802 908/923/794
f 910/925/796 918/934/804 917/933/803 909/924/795
f 911/926/797 919/935/805 918/934/804 910/925/796
f 912/919/798 920/928/806 919/935/805 911/926/797
f 913/927/799 921/936/807 928/937/814 920/928/806
f 914/929/800 922/938/808 921/939/807 913/930/799
f 915/931/801 923/940/809 922/938/808 914/929/800
f 916/932/802 924/941/810 923/940/809 915/931/801
f 917/933/803 925/942/811 924/941/810 916/932/802
f 918/934/804 926/943/812 925/942/811 917/933/803
f 919/935/805 927/944/813 926/943/812 918/934/804
f 920/928/806 928/937/814 927/944/813 919/935/805
f 921/936/807 929/945/815 936/946/822 928/937/814
f 922/938/808 930/947/816 929/948/815 921/939/807
f 923/940/809 931/949/817 930/947/816 922/938/808
f 924/941/810 932/950/818 931/949/817 923/940/809
f 925/942/811 933/951/819 932/950/818 924/941/810
f 926/943/812 934/952/820 933/951/819 925/942/811
f 927/944/813 935/953/821 934/952/820 926/943/812
f 928/937/814 936/946/822 935/953/821 927/944/813
f 929/945/815 937/954/823 944/955/830 936/946/822
f 930/947/816 938/956/824 937/957/823 929/948/815
f 931/949/817 939/958/825 938/956/824 930/947/816
f 932/950/818 940/959/826 939/958/825 931/949/817
f 933/951/819 941/960/827 940/959/826 932/950/818
f 934/952/820 942/961/828 941/960/827 933/951/819
f 935/953/821 943/962/829 942/961/828 934/952/820
f 936/946/822 944/955/830 943/962/829 935/953/821
f 937/954/823 945/963/831 952/964/838 944/955/830
f 938/956/824 946/965/832 945/966/831 937/957/823
f 939/958/825 947/967/833 946/965/832 938/956/824
f 940/959/826 948/968/834 947/967/833 939/958/825
f 941/960/827 949/969/835 948/968/834 940/959/826
f 942/961/828 950/970/836 949/969/835 941/960/827
f 943/962/829 951/971/837 950/970/836 942/961/828
f 944/955/830 952/964/838 951/971/837 943/962/829
f 945/963/831 953/972/839 960/973/846 952/964/838
f 946/965/832 954/974/840 953/975/839 945/966/831
f 947/967/833 955/976/841 954/974/840 946/965/832
f 948/968/834 956/977/842 955/976/841 947/967/833
f 949/969/835 957/978/843 956/977/842 948/968/834
f 950/970/836 958/979/844 957/978/843 949/969/835
f 951/971/837 959/980/845 958/979/844 950/970/836
f 952/964/838 960/973/846 959/980/845 951/971/837
o ropes
v -0.000965 -0.046751 -0.076873
v -0.000960 -0.048039 -0.084025
v 0.010724 -0.034523 -0.081176
v 0.010833 -0.039734 -0.084257
v 0.017291 0.028943 -0.133790
v 0.019510 0.025349 -0.136393
v 0.000469 0.031508 -0.133433
v 0.001254 0.027631 -0.136176
v -0.010148 0.024675 -0.132932
v -0.010148 0.021880 -0.140133
v -0.009110 -0.041226 -0.080430
v -0.008808 -0.044021 -0.090326
v 0.019760 0.020494 -0.119412
v 0.019760 0.018614 -0.124255
v 0.004604 0.039910 -0.107722
v 0.002690 0.039923 -0.100656
v 0.025013 0.040007 -0.095727
v 0.024946 0.040161 -0.089136
v 0.009106 0.008004 -0.085207
v 0.009968 0.010345 -0.081629
v -0.009692 0.012819 -0.080405
v -0.009867 0.012482 -0.087891
v -0.004283 0.008558 -0.084864
v -0.004468 0.009035 -0.077386
v -0.007084 0.040403 -0.107436
v -0.008178 0.039927 -0.099457
v 0.016592 0.014936 -0.086480
v 0.015340 0.019504 -0.085601
v 0.003456 0.006390 -0.079129
v 0.003177 0.008359 -0.084371
v 0.013026 0.015457 -0.075986
v 0.011657 0.015486 -0.081558
v 0.008443 0.024859 -0.077400
v 0.010724 0.025696 -0.082962
v 0.004183 0.028104 -0.077943
v 0.001962 0.028223 -0.085385
v -0.008401 0.026494 -0.079739
v -0.008754 0.026810 -0.085377
v -0.011679 0.013262 -0.076942
v -0.011148 0.016609 -0.086417
v 0.012078 0.019656 -0.078575
v 0.011611 0.019756 -0.081815
v 0.024946 0.031588 -0.087227
v 0.025013 0.031433 -0.093817
v 0.022100 0.000539 -0.095412
v 0.015093 -0.000001 -0.096960
v 0.018255 -0.028591 -0.087507
v 0.016932 -0.024316 -0.085710
v 0.017599 -0.033344 -0.086085
v 0.012903 -0.031659 -0.083642
vn 0.6429 -0.6433 0.4158
vn 0.9538 0.2922 0.0695
vn 0.0697 0.5989 -0.7978
vn -0.3519 0.7642 -0.5405
vn -0.9996 -0.0253 -0.0094
vn -0.5832 -0.7923 0.1792
vn 0.4024 0.7229 0.5618
vn -0.0010 0.9999 -0.0124
vn 0.7004 -0.3585 0.6171
vn -0.5961 -0.8018 0.0433
vn -0.9976 0.0365 -0.0590
vn 0.0244 0.9991 0.0356
vn 0.8273 -0.3972 0.3973
vn 0.6909 -0.6848 -0.2319
vn 0.9030 0.3659 0.2252
vn 0.3910 0.9178 0.0693
vn -0.1329 0.9894 0.0590
vn -0.9701 0.2383 0.0463
vn -0.4350 -0.8445 -0.3125
vn 0.9780 0.0467 -0.2031
vn 0.9999 0.0023 0.0102
vn 0.0663 -0.9678 0.2427
vn 0.1740 0.3264 0.9291
vn 0.5820 0.0093 0.8131
vn 0.5916 -0.2110 0.7781
vt 1.000000 0.500000
vt 1.000000 1.000000
vt 0.833333 1.000000
vt 0.833333 0.500000
vt 0.714951 0.500000
vt 0.714951 1.000000
vt 0.666667 1.000000
vt 0.666667 0.500000
vt 0.500000 1.000000
vt 0.500000 0.500000
vt 0.333333 1.000000
vt 0.333333 0.500000
vt 0.166667 1.000000
vt 0.166667 0.500000
vt -0.000000 1.000000
vt -0.000000 0.500000
vt 0.752706 0.499999
vt 0.752706 1.000000
vt 0.332872 1.000584
vt 0.334603 0.498388
vt 0.832327 0.493812
vt 0.835483 1.013228
vt 0.808152 0.544105
vt 0.808093 0.952254
vt 0.817082 0.533406
vt 0.817031 0.964510
s 0
usemtl _Rope.002
f 961/981/847 962/982/847 964/983/847 963/984/847
f 973/985/848 974/986/848 966/987/848 965/988/848
f 965/988/849 966/987/849 968/989/849 967/990/849
f 967/990/850 968/989/850 970/991/850 969/992/850
f 969/992/851 970/991/851 972/993/851 971/994/851
f 971/994/852 972/993/852 962/995/852 961/996/852
f 1006/997/853 1005/998/853 974/986/853 973/985/853
f 975/981/854 976/982/854 978/983/854 977/984/854
f 987/985/855 988/986/855 980/987/855 979/988/855
f 983/992/856 984/991/856 981/999/856 982/1000/856
f 982/1000/857 981/999/857 986/993/857 985/994/857
f 985/994/858 986/993/858 976/995/858 975/996/858
f 1004/1001/859 1003/1002/859 988/986/859 987/985/859
f 989/981/860 990/982/860 992/983/860 991/984/860
f 1001/985/861 1002/986/861 994/987/861 993/988/861
f 993/988/862 994/987/862 996/989/862 995/990/862
f 995/990/863 996/989/863 998/991/863 997/992/863
f 997/992/864 998/991/864 1000/993/864 999/994/864
f 999/994/865 1000/993/865 990/995/865 989/996/865
f 991/984/866 992/983/866 1002/986/866 1001/985/866
f 977/984/867 978/983/867 1003/1002/867 1004/1001/867
f 980/987/868 984/991/868 983/992/868 979/988/868
f 1008/1003/869 1007/1004/869 1005/998/869 1006/997/869
f 1010/1005/870 1009/1006/870 1007/1004/870 1008/1003/870
f 963/984/871 964/983/871 1009/1006/871 1010/1005/871
